id,ne_name,lte_ip,gsm_ip,5g_ip,loop_ip,ike_peer,enodeb_id,gnodeb_id
1,ne1,112.157.207.182,47.96.2.206,70.132.175.146,198.58.202.155,sgw1,8,21
2,ne2,123.32.149.45,252.98.104.171,120.192.11.34,140.159.221.172,sgw2,9,22
3,ne3,102.110.136.4,67.220.234.114,139.60.132.195,85.211.88.115,sgw3,10,23
4,ne4,237.89.64.18,38.85.58.255,137.188.16.13,87.233.84.154,sgw4,11,24
5,ne5,52.195.213.226,37.98.230.152,29.227.77.253,109.1.53.173,sgw5,12,25
6,ne6,4.39.12.93,170.4.162.155,53.130.26.251,162.57.142.77,sgw6,13,26
7,ne7,6.214.61.226,80.181.212.158,19.201.144.59,199.163.90.206,sgw7,14,27
8,ne8,184.108.28.136,184.184.239.17,147.54.105.78,196.167.68.80,sgw8,15,28
9,ne9,56.121.109.82,22.35.101.88,186.135.60.140,30.61.103.242,sgw9,16,29
10,ne10,243.87.8.55,238.158.159.124,41.147.192.100,37.105.153.240,sgw10,17,30
11,ne11,135.87.158.4,58.2.207.34,84.100.29.231,69.229.147.217,sgw11,18,31
12,ne12,95.76.19.100,164.119.5.225,188.160.181.71,141.47.213.209,sgw12,19,32
13,ne13,174.104.57.232,73.236.208.14,141.201.63.37,190.105.160.42,sgw13,20,33
14,ne14,239.126.138.240,83.46.68.17,165.125.131.177,141.11.177.100,sgw14,21,34
15,ne15,24.43.231.65,185.121.212.35,11.242.238.4,165.104.15.180,sgw15,22,35
16,ne16,108.66.188.12,207.3.154.243,72.133.209.124,113.155.108.65,sgw16,23,36
17,ne17,240.149.27.28,186.72.186.175,179.32.54.122,218.239.214.30,sgw17,24,37
18,ne18,84.65.178.56,123.243.158.26,31.12.12.61,18.197.124.7,sgw18,25,38
19,ne19,247.195.224.179,56.205.121.205,141.131.202.182,232.178.45.210,sgw19,26,39
20,ne20,175.117.236.169,28.66.64.205,82.238.28.150,172.149.182.165,sgw20,27,40
21,ne21,5.19.60.183,108.197.40.143,222.147.121.23,179.142.1.25,sgw21,28,41
22,ne22,122.189.30.139,119.148.49.26,59.233.224.85,23.135.135.90,sgw22,29,42
23,ne23,173.174.147.100,23.138.30.73,152.83.48.108,141.254.47.145,sgw23,30,43
24,ne24,151.163.220.189,133.171.73.157,190.4.101.176,68.30.18.186,sgw24,31,44
25,ne25,226.221.111.30,79.198.71.152,33.100.69.29,100.192.214.57,sgw25,32,45
26,ne26,102.238.37.251,114.79.23.14,196.147.66.123,65.189.158.8,sgw26,33,46
27,ne27,104.126.183.222,118.180.139.107,209.180.217.17,238.237.94.239,sgw27,34,47
28,ne28,250.36.94.46,180.101.240.188,182.76.111.97,124.51.119.46,sgw28,35,48
29,ne29,222.29.156.53,57.34.96.236,208.252.79.88,49.41.176.54,sgw29,36,49
30,ne30,8.77.2.171,76.228.130.121,20.5.34.242,84.237.34.78,sgw30,37,50
31,ne31,232.14.21.127,68.131.1.129,96.114.199.22,55.227.244.20,sgw31,38,51
32,ne32,200.35.66.218,225.38.96.130,165.183.228.169,245.116.89.130,sgw32,39,52
33,ne33,65.101.39.31,65.99.138.242,181.190.18.176,8.254.39.57,sgw33,40,53
34,ne34,8.18.14.77,90.79.176.29,183.92.231.173,76.217.82.142,sgw34,41,54
35,ne35,237.59.250.175,150.10.176.163,157.70.78.88,143.126.159.255,sgw35,42,55
36,ne36,241.206.193.185,143.130.174.252,39.65.57.149,168.248.27.114,sgw36,43,56
37,ne37,114.27.21.185,158.83.192.20,40.18.73.185,230.249.89.253,sgw37,44,57
38,ne38,10.185.65.108,201.204.217.56,132.202.124.218,9.156.17.128,sgw38,45,58
39,ne39,63.55.86.72,89.192.112.126,219.9.250.1,97.132.20.110,sgw39,46,59
40,ne40,93.249.186.216,143.197.252.116,181.220.4.9,240.179.211.74,sgw40,47,60
41,ne41,220.135.59.251,175.63.210.73,47.151.178.12,181.225.169.13,sgw41,48,61
42,ne42,183.198.71.113,190.166.115.151,85.248.110.12,205.234.190.172,sgw42,49,62
43,ne43,102.108.131.204,121.31.182.3,255.93.185.210,19.196.11.172,sgw43,50,63
44,ne44,18.218.149.93,90.184.131.124,221.177.102.241,156.10.151.232,sgw44,51,64
45,ne45,195.58.101.95,214.87.31.10,140.39.104.104,99.69.222.210,sgw45,52,65
46,ne46,105.5.131.95,19.139.0.194,247.84.121.35,16.10.88.226,sgw46,53,66
47,ne47,84.140.169.87,65.64.179.196,224.63.132.228,128.79.144.111,sgw47,54,67
48,ne48,216.132.4.143,39.134.78.86,160.180.78.89,9.155.76.101,sgw48,55,68
49,ne49,27.17.21.137,0.48.60.80,224.224.48.35,122.252.28.84,sgw49,56,69
50,ne50,54.3.71.242,0.11.71.23,234.56.7.50,135.77.184.201,sgw50,57,70
51,ne51,171.49.105.165,65.174.158.39,118.40.66.180,117.206.233.94,sgw51,58,71
52,ne52,82.176.158.50,164.201.107.97,30.182.1.75,55.110.63.64,sgw52,59,72
53,ne53,204.191.208.151,48.75.1.42,17.54.20.177,159.26.69.192,sgw53,60,73
54,ne54,129.96.233.50,191.157.197.82,207.224.166.25,163.123.68.154,sgw54,61,74
55,ne55,39.68.197.73,9.196.61.151,122.110.40.220,144.181.88.141,sgw55,62,75
56,ne56,83.211.220.67,110.128.107.102,56.164.110.201,235.161.3.2,sgw56,63,76
57,ne57,183.127.29.227,10.3.28.64,239.245.255.47,216.128.103.209,sgw57,64,77
58,ne58,121.97.217.56,166.139.213.62,240.67.200.64,46.102.210.86,sgw58,65,78
59,ne59,142.135.149.116,30.49.143.242,22.196.57.43,167.232.165.158,sgw59,66,79
60,ne60,117.82.14.58,157.176.106.200,152.227.167.179,181.23.75.142,sgw60,67,80
61,ne61,133.105.12.93,107.134.114.174,186.11.203.68,205.30.156.27,sgw61,68,81
62,ne62,185.173.47.96,20.202.136.223,87.50.141.5,213.31.13.163,sgw62,69,82
63,ne63,111.135.68.251,33.237.12.96,48.95.221.70,24.179.110.250,sgw63,70,83
64,ne64,235.1.160.61,74.135.158.165,100.165.26.85,234.50.168.58,sgw64,71,84
65,ne65,107.213.107.140,188.37.127.181,108.223.93.19,137.36.103.152,sgw65,72,85
66,ne66,11.65.106.88,150.202.134.205,27.188.75.199,78.224.88.70,sgw66,73,86
67,ne67,21.11.19.49,214.19.87.38,150.140.77.111,178.142.94.140,sgw67,74,87
68,ne68,137.238.213.252,57.66.213.140,202.188.105.181,77.135.139.201,sgw68,75,88
69,ne69,26.144.211.25,54.189.86.43,245.11.12.145,143.199.71.190,sgw69,76,89
70,ne70,29.80.138.21,134.212.100.98,155.210.251.162,161.2.25.92,sgw70,77,90
71,ne71,12.46.26.52,89.254.60.107,239.119.131.87,30.208.139.68,sgw71,78,91
72,ne72,55.152.7.102,107.70.188.127,179.26.115.142,56.168.142.207,sgw72,79,92
73,ne73,58.74.187.241,112.206.238.212,207.13.42.235,202.129.242.133,sgw73,80,93
74,ne74,21.34.220.78,134.141.210.109,217.20.170.69,212.212.67.47,sgw74,81,94
75,ne75,202.206.237.126,47.216.85.41,71.133.30.178,230.98.145.6,sgw75,82,95
76,ne76,153.54.53.184,232.254.81.3,66.80.233.241,153.163.143.24,sgw76,83,96
77,ne77,152.159.130.164,250.44.95.59,56.218.204.252,47.229.56.133,sgw77,84,97
78,ne78,204.184.193.104,193.184.95.155,29.252.128.169,227.162.170.236,sgw78,85,98
79,ne79,50.218.240.241,27.102.23.63,104.11.79.113,167.190.8.177,sgw79,86,99
80,ne80,193.25.60.143,157.112.123.226,183.197.199.249,164.18.121.43,sgw80,87,100
81,ne81,247.177.192.102,150.15.119.2,243.62.188.50,134.16.59.88,sgw81,88,101
82,ne82,155.39.163.65,83.165.197.230,242.30.0.134,68.27.242.22,sgw82,89,102
83,ne83,241.75.164.186,72.232.108.101,220.222.17.129,208.159.65.41,sgw83,90,103
84,ne84,136.34.241.91,91.241.13.195,229.129.71.170,30.155.144.215,sgw84,91,104
85,ne85,234.134.168.149,146.26.195.230,128.144.210.62,76.211.255.175,sgw85,92,105
86,ne86,121.132.221.43,67.156.125.210,182.23.173.76,56.236.203.8,sgw86,93,106
87,ne87,33.52.147.130,180.66.16.187,2.201.99.220,30.233.33.213,sgw87,94,107
88,ne88,72.214.207.62,151.214.36.160,212.9.163.202,9.235.127.117,sgw88,95,108
89,ne89,40.154.77.138,238.16.228.232,7.109.131.32,168.50.171.87,sgw89,96,109
90,ne90,205.190.187.61,229.217.178.191,35.140.242.131,52.100.49.178,sgw90,97,110
91,ne91,67.204.140.241,17.90.57.125,218.147.151.57,17.54.135.63,sgw91,98,111
92,ne92,66.215.202.65,242.182.208.147,225.58.73.119,156.151.76.174,sgw92,99,112
93,ne93,86.148.69.225,132.253.132.149,95.7.7.121,61.12.95.152,sgw93,100,113
94,ne94,245.249.62.157,56.170.41.229,254.25.89.237,188.25.251.123,sgw94,101,114
95,ne95,45.57.236.152,34.34.255.70,74.24.0.158,194.66.167.74,sgw95,102,115
96,ne96,109.61.248.79,28.167.47.250,138.207.76.48,75.252.192.98,sgw96,103,116
97,ne97,198.208.86.100,68.39.33.168,11.72.20.198,94.129.60.227,sgw97,104,117
98,ne98,237.197.251.39,17.65.66.203,191.191.32.45,218.6.38.207,sgw98,105,118
99,ne99,128.71.152.97,191.159.57.28,36.165.15.241,72.210.209.76,sgw99,106,119
100,ne100,235.110.136.205,98.127.27.248,191.91.180.60,226.92.252.69,sgw100,107,120
101,ne101,121.222.182.114,69.191.13.8,229.239.190.140,66.137.69.186,sgw101,108,121
102,ne102,255.21.169.216,205.220.82.124,72.98.205.2,28.58.223.99,sgw102,109,122
103,ne103,166.0.193.173,2.89.161.240,125.6.116.242,51.236.240.235,sgw103,110,123
104,ne104,47.14.106.216,217.34.131.243,189.118.4.4,33.55.130.184,sgw104,111,124
105,ne105,113.153.137.110,37.90.190.250,201.98.126.200,68.55.155.149,sgw105,112,125
106,ne106,121.33.1.49,163.131.90.69,232.39.5.63,150.244.231.69,sgw106,113,126
107,ne107,131.86.109.190,204.181.20.255,203.128.194.255,11.235.222.126,sgw107,114,127
108,ne108,124.219.129.158,201.22.95.96,66.207.17.242,147.162.215.71,sgw108,115,128
109,ne109,203.131.19.41,163.122.31.94,181.24.142.212,137.184.187.176,sgw109,116,129
110,ne110,73.13.19.85,63.157.94.239,201.163.52.26,114.66.254.245,sgw110,117,130
111,ne111,235.8.72.85,31.181.73.186,95.234.244.73,192.113.164.250,sgw111,118,131
112,ne112,92.223.14.213,251.184.44.44,72.199.95.99,26.136.123.112,sgw112,119,132
113,ne113,100.126.47.225,198.198.178.243,27.217.100.201,120.26.80.92,sgw113,120,133
114,ne114,244.15.236.68,26.215.32.6,138.165.149.109,252.209.83.220,sgw114,121,134
115,ne115,223.151.124.25,97.206.240.239,152.55.189.158,132.81.223.253,sgw115,122,135
116,ne116,28.30.123.140,137.170.146.80,65.207.220.36,183.213.29.168,sgw116,123,136
117,ne117,120.205.170.182,143.3.0.235,28.137.60.15,41.122.145.229,sgw117,124,137
118,ne118,135.97.200.1,161.149.204.6,187.13.86.84,118.113.111.150,sgw118,125,138
119,ne119,25.155.248.217,78.25.156.63,93.133.96.5,210.189.125.225,sgw119,126,139
120,ne120,128.58.88.157,54.68.160.105,183.100.68.240,246.178.13.20,sgw120,127,140
121,ne121,161.170.221.156,77.255.72.62,126.201.156.12,74.207.69.242,sgw121,128,141
122,ne122,43.209.71.69,57.210.133.4,160.20.142.164,94.247.160.176,sgw122,129,142
123,ne123,154.204.245.240,144.8.45.221,60.204.210.234,216.73.176.56,sgw123,130,143
124,ne124,159.34.47.55,14.220.28.42,237.235.144.67,67.124.37.104,sgw124,131,144
125,ne125,71.138.125.61,41.148.190.187,245.175.176.206,202.38.164.201,sgw125,132,145
126,ne126,2.165.38.190,224.160.120.163,198.19.56.177,58.167.31.193,sgw126,133,146
127,ne127,33.63.137.234,100.88.238.131,30.137.198.60,92.214.54.119,sgw127,134,147
128,ne128,183.40.85.200,119.179.36.180,153.226.179.74,18.156.29.196,sgw128,135,148
129,ne129,103.103.38.156,9.39.113.50,218.61.35.59,246.76.120.99,sgw129,136,149
130,ne130,13.15.244.247,231.87.210.159,195.100.33.47,51.216.161.164,sgw130,137,150
131,ne131,10.133.36.225,82.232.192.179,18.71.25.56,67.36.172.171,sgw131,138,151
132,ne132,252.118.47.181,43.204.95.232,45.208.88.36,112.114.231.105,sgw132,139,152
133,ne133,194.150.28.221,248.130.40.201,251.67.232.90,116.161.166.183,sgw133,140,153
134,ne134,2.123.13.125,42.124.97.195,13.20.104.129,139.16.49.98,sgw134,141,154
135,ne135,193.104.90.166,114.80.0.153,43.19.116.52,15.197.202.155,sgw135,142,155
136,ne136,58.4.5.0,68.56.158.18,237.84.225.89,243.123.60.227,sgw136,143,156
137,ne137,94.234.37.42,150.142.250.4,46.65.68.177,202.37.0.243,sgw137,144,157
138,ne138,42.211.113.228,13.254.29.250,35.86.227.179,126.32.42.182,sgw138,145,158
139,ne139,83.130.167.143,172.236.141.214,31.203.25.167,162.56.4.59,sgw139,146,159
140,ne140,88.210.31.237,155.135.218.67,94.8.72.105,116.28.172.15,sgw140,147,160
141,ne141,214.140.72.87,236.144.181.15,179.98.73.238,154.208.176.229,sgw141,148,161
142,ne142,201.152.80.49,152.112.136.144,156.89.22.131,215.198.61.10,sgw142,149,162
143,ne143,152.251.223.214,58.74.13.113,239.114.216.152,78.150.137.159,sgw143,150,163
144,ne144,162.190.188.230,31.154.66.9,87.36.248.65,161.220.250.252,sgw144,151,164
145,ne145,1.191.14.98,187.60.182.147,234.200.162.145,62.196.201.93,sgw145,152,165
146,ne146,77.186.34.51,118.13.247.165,242.63.39.27,173.88.165.110,sgw146,153,166
147,ne147,38.119.78.151,157.69.32.73,18.232.192.27,17.88.6.119,sgw147,154,167
148,ne148,29.0.117.96,126.163.8.1,79.56.58.9,147.217.55.105,sgw148,155,168
149,ne149,139.201.102.253,202.14.242.64,189.158.205.200,242.188.200.99,sgw149,156,169
150,ne150,254.147.128.75,149.181.19.205,71.112.205.9,67.123.235.11,sgw150,157,170
151,ne151,13.75.111.109,174.55.92.135,52.32.174.66,213.5.53.58,sgw151,158,171
152,ne152,134.130.58.204,210.202.57.4,214.147.95.13,104.242.49.114,sgw152,159,172
153,ne153,2.150.122.53,62.10.30.240,150.150.170.50,128.154.41.138,sgw153,160,173
154,ne154,60.32.136.3,82.239.17.82,100.118.102.170,149.116.83.32,sgw154,161,174
155,ne155,254.159.89.163,121.193.21.108,44.125.206.43,14.56.185.135,sgw155,162,175
156,ne156,4.84.69.114,6.177.27.87,148.242.75.155,245.252.17.54,sgw156,163,176
157,ne157,48.210.85.20,217.51.151.52,65.11.24.216,2.246.105.76,sgw157,164,177
158,ne158,57.216.228.163,108.193.151.146,133.49.171.158,249.45.115.29,sgw158,165,178
159,ne159,127.174.72.100,41.93.30.107,28.9.100.254,120.200.4.91,sgw159,166,179
160,ne160,225.104.31.242,67.153.104.161,117.84.101.105,34.179.48.245,sgw160,167,180
161,ne161,197.209.103.79,225.71.87.50,169.196.197.108,17.176.194.243,sgw161,168,181
162,ne162,252.75.90.181,178.233.70.67,29.64.226.55,213.29.25.4,sgw162,169,182
163,ne163,162.95.71.35,36.68.169.40,119.11.66.49,24.103.165.163,sgw163,170,183
164,ne164,167.106.71.173,5.223.7.70,39.65.239.190,105.155.7.169,sgw164,171,184
165,ne165,33.250.110.37,94.155.174.227,167.189.179.216,181.142.84.3,sgw165,172,185
166,ne166,42.79.81.248,88.185.158.67,189.232.142.179,243.90.117.86,sgw166,173,186
167,ne167,3.253.140.11,107.213.96.126,126.83.245.155,11.69.66.119,sgw167,174,187
168,ne168,99.239.58.154,160.9.141.72,63.149.91.240,204.250.236.187,sgw168,175,188
169,ne169,23.82.162.252,138.176.166.213,25.219.245.51,114.169.191.28,sgw169,176,189
170,ne170,217.58.94.78,179.8.149.251,143.210.238.59,202.176.83.108,sgw170,177,190
171,ne171,231.181.228.147,161.172.115.83,190.251.194.150,158.138.207.213,sgw171,178,191
172,ne172,86.168.107.124,172.176.69.130,62.58.142.207,72.43.123.113,sgw172,179,192
173,ne173,139.224.140.158,55.188.69.13,28.58.6.192,170.4.45.6,sgw173,180,193
174,ne174,123.126.56.146,33.205.141.79,193.101.124.65,171.113.208.170,sgw174,181,194
175,ne175,54.52.147.92,97.105.26.231,34.231.134.214,161.160.209.99,sgw175,182,195
176,ne176,88.173.57.171,31.208.84.160,174.100.242.62,207.30.76.169,sgw176,183,196
177,ne177,238.58.13.10,85.170.178.11,75.5.124.247,174.203.209.236,sgw177,184,197
178,ne178,161.187.47.210,11.104.39.201,135.46.225.40,187.68.2.131,sgw178,185,198
179,ne179,212.51.11.77,154.188.8.144,174.120.110.19,68.152.107.188,sgw179,186,199
180,ne180,122.157.240.253,238.13.194.40,200.53.164.71,126.134.192.18,sgw180,187,200
181,ne181,23.176.215.178,55.111.116.211,130.62.175.239,137.205.249.254,sgw181,188,201
182,ne182,151.146.5.189,202.170.10.236,209.210.45.77,171.115.250.113,sgw182,189,202
183,ne183,229.41.209.107,173.116.43.77,169.254.3.193,215.90.209.120,sgw183,190,203
184,ne184,47.172.226.171,127.64.201.59,232.11.231.63,155.100.154.239,sgw184,191,204
185,ne185,48.146.186.229,254.121.241.70,197.34.109.185,47.78.93.73,sgw185,192,205
186,ne186,232.162.237.163,29.228.148.120,244.100.49.174,215.17.170.173,sgw186,193,206
187,ne187,179.15.170.75,128.67.52.77,62.201.36.76,13.54.180.189,sgw187,194,207
188,ne188,86.222.227.135,178.111.212.52,214.209.177.235,133.154.172.32,sgw188,195,208
189,ne189,126.50.101.104,174.63.162.165,100.23.201.231,81.213.77.126,sgw189,196,209
190,ne190,241.210.181.229,243.13.137.126,157.17.32.185,145.220.121.81,sgw190,197,210
191,ne191,88.201.223.193,186.86.99.206,97.66.25.171,41.151.152.103,sgw191,198,211
192,ne192,66.130.198.113,163.65.23.205,114.227.241.192,223.236.84.244,sgw192,199,212
193,ne193,254.134.27.231,74.81.134.157,189.67.38.111,45.148.72.182,sgw193,200,213
194,ne194,116.62.196.101,210.107.214.4,87.196.119.225,11.138.34.95,sgw194,201,214
195,ne195,149.43.187.246,43.90.8.18,199.243.142.0,13.214.193.3,sgw195,202,215
196,ne196,3.147.223.91,82.167.228.60,51.88.44.175,110.112.203.213,sgw196,203,216
197,ne197,202.173.136.153,150.53.185.152,162.140.25.54,35.197.142.160,sgw197,204,217
198,ne198,130.163.216.9,82.236.54.154,152.255.59.164,134.212.120.240,sgw198,205,218
199,ne199,194.233.162.214,113.87.192.13,87.227.182.55,70.82.213.70,sgw199,206,219
200,ne200,56.154.109.214,235.138.128.62,232.75.94.182,71.188.152.151,sgw200,207,220
201,ne201,34.239.203.200,105.82.202.28,142.35.204.171,191.176.70.27,sgw201,208,221
202,ne202,212.197.58.4,87.63.88.49,205.30.114.139,114.242.70.91,sgw202,209,222
203,ne203,89.65.249.142,132.47.47.212,75.197.207.103,2.247.236.61,sgw203,210,223
204,ne204,33.109.122.78,154.158.204.117,39.200.138.52,109.12.114.108,sgw204,211,224
205,ne205,44.213.43.178,175.201.83.132,217.120.37.223,79.209.168.150,sgw205,212,225
206,ne206,26.180.105.116,87.16.109.215,226.121.93.13,207.94.182.35,sgw206,213,226
207,ne207,240.44.20.238,95.31.82.146,73.3.229.153,140.164.108.126,sgw207,214,227
208,ne208,160.212.235.39,85.47.87.252,221.161.247.108,58.178.238.163,sgw208,215,228
209,ne209,88.247.126.76,177.173.247.55,152.6.246.52,85.255.207.182,sgw209,216,229
210,ne210,201.185.190.27,231.249.144.249,230.57.63.27,222.208.9.153,sgw210,217,230
211,ne211,125.10.172.165,13.107.234.152,4.252.31.59,192.98.78.27,sgw211,218,231
212,ne212,103.173.43.56,201.191.60.190,40.87.225.181,75.169.166.118,sgw212,219,232
213,ne213,172.184.210.204,21.138.179.183,244.127.21.237,237.197.166.168,sgw213,220,233
214,ne214,97.240.99.124,94.141.45.171,148.71.110.190,230.68.70.28,sgw214,221,234
215,ne215,104.2.55.27,248.76.190.10,21.4.204.194,187.121.198.44,sgw215,222,235
216,ne216,5.85.63.217,117.191.165.72,200.72.167.106,80.199.15.220,sgw216,223,236
217,ne217,199.10.100.64,246.183.87.184,96.94.44.24,137.132.190.129,sgw217,224,237
218,ne218,141.193.30.38,18.38.128.219,186.123.190.190,232.215.224.82,sgw218,225,238
219,ne219,184.57.191.114,250.243.76.18,83.35.242.178,156.230.41.167,sgw219,226,239
220,ne220,95.142.87.255,95.36.144.108,43.166.206.175,58.250.24.146,sgw220,227,240
221,ne221,168.93.252.115,129.197.150.147,82.178.56.18,96.147.64.209,sgw221,228,241
222,ne222,139.214.184.235,202.118.41.186,45.93.31.26,164.126.116.165,sgw222,229,242
223,ne223,188.254.11.171,27.255.210.55,182.82.189.248,48.230.247.205,sgw223,230,243
224,ne224,119.139.206.24,13.55.0.73,45.180.64.230,162.75.181.67,sgw224,231,244
225,ne225,8.93.124.140,57.98.89.144,167.177.139.31,147.104.120.13,sgw225,232,245
226,ne226,166.191.76.236,243.151.172.137,100.210.240.225,161.220.95.99,sgw226,233,246
227,ne227,244.61.124.24,208.216.89.63,174.137.175.133,70.225.122.27,sgw227,234,247
228,ne228,7.244.239.215,98.229.140.170,142.236.157.151,49.132.181.27,sgw228,235,248
229,ne229,49.68.20.31,192.27.180.151,147.14.46.27,167.182.123.130,sgw229,236,249
230,ne230,71.176.76.165,217.45.150.48,196.232.125.109,206.172.136.150,sgw230,237,250
231,ne231,37.47.229.123,174.208.69.202,226.14.46.106,43.238.41.142,sgw231,238,251
232,ne232,232.35.15.17,204.230.54.57,29.184.248.124,253.208.114.99,sgw232,239,252
233,ne233,49.66.97.184,233.91.122.88,153.132.52.161,133.185.169.126,sgw233,240,253
234,ne234,83.41.224.85,10.90.229.28,218.220.224.55,1.20.128.52,sgw234,241,254
235,ne235,185.32.122.111,147.155.248.47,62.98.96.77,70.238.68.204,sgw235,242,255
236,ne236,106.180.175.39,43.53.113.39,59.59.5.160,154.28.133.217,sgw236,243,256
237,ne237,187.186.59.230,103.21.213.95,120.180.126.43,45.171.14.240,sgw237,244,257
238,ne238,141.52.144.176,67.190.30.115,164.52.231.219,170.10.60.169,sgw238,245,258
239,ne239,30.31.69.166,130.42.226.177,116.243.109.35,235.208.96.13,sgw239,246,259
240,ne240,103.182.76.233,84.112.174.49,128.182.33.232,153.206.8.218,sgw240,247,260
241,ne241,128.27.166.166,87.80.192.136,201.3.250.18,242.250.118.235,sgw241,248,261
242,ne242,77.252.205.78,23.220.24.137,128.95.225.182,193.149.184.106,sgw242,249,262
243,ne243,47.18.63.105,212.173.54.20,58.184.74.151,43.119.12.67,sgw243,250,263
244,ne244,98.137.159.127,21.24.211.247,180.110.148.71,228.166.191.3,sgw244,251,264
245,ne245,143.50.171.24,243.37.159.219,197.42.64.186,231.126.103.71,sgw245,252,265
246,ne246,86.190.245.146,135.232.106.172,89.7.242.234,16.150.41.231,sgw246,253,266
247,ne247,87.90.17.216,221.191.144.252,218.106.122.73,191.97.67.3,sgw247,254,267
248,ne248,156.210.23.29,26.134.40.247,198.48.214.122,145.227.33.105,sgw248,255,268
249,ne249,151.214.150.89,48.175.102.68,64.181.230.99,236.29.211.81,sgw249,256,269
250,ne250,227.125.140.191,61.229.35.47,75.94.109.64,239.245.159.66,sgw250,257,270
251,ne251,135.70.209.43,10.167.221.30,21.3.49.150,1.238.169.194,sgw251,258,271
252,ne252,20.218.188.71,24.164.86.203,72.119.108.152,106.37.254.173,sgw252,259,272
253,ne253,7.19.42.119,150.199.114.101,233.243.223.51,83.94.179.117,sgw253,260,273
254,ne254,71.143.39.129,10.39.230.165,45.239.167.218,177.10.105.75,sgw254,261,274
255,ne255,250.104.204.202,211.53.135.47,207.196.243.197,42.21.191.195,sgw255,262,275
256,ne256,222.134.61.182,251.176.153.83,60.13.43.155,234.132.67.235,sgw256,263,276
257,ne257,215.237.218.218,150.165.9.114,16.68.202.103,223.211.47.122,sgw257,264,277
258,ne258,168.32.86.174,84.145.235.17,212.27.65.38,5.143.112.168,sgw258,265,278
259,ne259,86.70.226.70,155.128.48.206,189.235.29.152,91.128.199.195,sgw259,266,279
260,ne260,24.52.233.124,49.101.150.75,116.73.63.12,191.100.128.12,sgw260,267,280
261,ne261,24.186.102.210,99.220.208.198,175.75.228.24,44.108.78.82,sgw261,268,281
262,ne262,136.101.84.142,35.33.83.1,130.32.116.8,181.18.220.131,sgw262,269,282
263,ne263,28.250.92.240,95.80.64.28,193.187.139.32,203.212.58.39,sgw263,270,283
264,ne264,210.242.31.90,74.14.99.208,16.130.99.59,106.53.17.193,sgw264,271,284
265,ne265,170.16.23.222,198.66.50.61,92.227.172.222,116.95.222.180,sgw265,272,285
266,ne266,161.83.78.226,133.41.59.224,90.32.178.69,107.101.224.206,sgw266,273,286
267,ne267,69.10.186.100,97.175.105.228,40.202.162.218,21.243.154.12,sgw267,274,287
268,ne268,3.191.107.212,201.193.5.71,240.242.86.111,59.14.119.246,sgw268,275,288
269,ne269,18.246.59.78,176.3.226.193,4.150.37.112,72.180.18.15,sgw269,276,289
270,ne270,203.210.147.170,46.71.253.126,92.113.113.15,17.42.118.138,sgw270,277,290
271,ne271,198.189.238.239,188.217.13.203,196.8.233.234,23.206.208.200,sgw271,278,291
272,ne272,2.2.35.78,242.106.172.95,147.198.209.246,53.104.227.120,sgw272,279,292
273,ne273,255.192.188.100,234.30.248.171,162.64.22.40,227.198.184.72,sgw273,280,293
274,ne274,222.131.234.133,95.145.247.78,101.208.194.116,58.186.178.95,sgw274,281,294
275,ne275,57.52.20.208,52.123.31.221,9.151.165.5,9.64.42.252,sgw275,282,295
276,ne276,20.54.146.215,178.97.66.96,92.135.92.255,216.132.69.20,sgw276,283,296
277,ne277,30.188.77.35,86.21.99.44,203.136.250.119,52.136.128.88,sgw277,284,297
278,ne278,144.14.93.85,185.116.36.48,135.59.104.176,108.44.14.106,sgw278,285,298
279,ne279,145.110.96.44,239.105.61.104,238.91.229.94,249.254.116.13,sgw279,286,299
280,ne280,215.103.60.243,156.157.73.99,164.177.87.7,161.73.98.235,sgw280,287,300
281,ne281,110.193.252.237,219.103.184.48,174.220.220.189,221.163.254.239,sgw281,288,301
282,ne282,181.205.228.175,207.94.182.18,105.130.173.152,102.239.155.25,sgw282,289,302
283,ne283,17.141.67.23,83.11.199.227,11.3.86.242,195.90.165.25,sgw283,290,303
284,ne284,100.10.231.250,243.37.102.167,172.188.216.138,143.5.7.86,sgw284,291,304
285,ne285,185.132.54.146,34.184.110.248,135.44.44.128,67.152.230.139,sgw285,292,305
286,ne286,13.121.174.127,225.189.196.229,152.227.146.4,240.75.72.52,sgw286,293,306
287,ne287,113.55.229.126,61.64.253.184,144.19.240.215,112.41.61.228,sgw287,294,307
288,ne288,252.53.167.231,80.3.151.32,3.166.121.236,27.90.32.53,sgw288,295,308
289,ne289,137.79.25.19,63.163.175.223,183.117.90.244,76.211.252.182,sgw289,296,309
290,ne290,131.241.152.213,161.30.66.219,30.231.112.105,102.95.153.155,sgw290,297,310
291,ne291,176.175.137.253,161.150.4.146,134.143.27.116,76.187.159.187,sgw291,298,311
292,ne292,136.5.172.235,206.178.174.180,14.24.187.1,203.65.248.66,sgw292,299,312
293,ne293,164.155.203.237,195.134.182.85,150.239.98.131,79.169.183.42,sgw293,300,313
294,ne294,150.20.104.88,25.207.213.240,73.50.24.181,216.197.224.152,sgw294,301,314
295,ne295,167.119.31.29,100.226.82.212,169.55.221.20,89.110.146.95,sgw295,302,315
296,ne296,162.92.21.254,201.162.96.237,10.150.183.65,165.59.32.101,sgw296,303,316
297,ne297,35.165.205.156,99.189.56.56,209.31.102.116,26.126.136.85,sgw297,304,317
298,ne298,52.28.162.80,189.239.16.222,46.148.222.253,138.23.39.89,sgw298,305,318
299,ne299,74.185.57.25,253.200.204.84,27.100.37.175,176.25.247.38,sgw299,306,319
300,ne300,36.80.214.48,71.139.38.23,167.15.54.93,134.177.239.23,sgw300,307,320
301,ne301,217.176.221.212,168.77.72.184,47.143.41.186,40.192.240.99,sgw301,308,321
302,ne302,174.133.173.36,28.175.213.223,94.109.190.171,134.128.101.102,sgw302,309,322
303,ne303,113.116.214.80,115.169.212.228,254.8.165.132,132.253.84.88,sgw303,310,323
304,ne304,5.11.82.206,42.251.146.200,2.78.59.171,164.197.143.157,sgw304,311,324
305,ne305,53.130.44.112,123.142.146.87,71.0.249.180,72.148.37.56,sgw305,312,325
306,ne306,235.250.13.11,62.18.153.100,89.117.193.190,232.212.105.174,sgw306,313,326
307,ne307,174.243.9.216,79.60.119.110,153.68.70.114,137.93.200.109,sgw307,314,327
308,ne308,159.210.59.22,43.178.87.171,114.233.180.143,179.53.78.183,sgw308,315,328
309,ne309,243.151.112.15,164.227.113.241,252.4.5.46,225.29.7.206,sgw309,316,329
310,ne310,52.67.183.49,121.144.205.178,162.184.79.87,235.209.48.254,sgw310,317,330
311,ne311,49.48.113.68,108.218.220.116,40.94.160.28,65.172.34.234,sgw311,318,331
312,ne312,255.73.98.67,13.85.32.34,43.146.40.10,98.139.125.105,sgw312,319,332
313,ne313,241.39.188.169,234.163.164.67,146.45.80.12,176.1.219.29,sgw313,320,333
314,ne314,13.140.90.82,190.178.251.24,209.45.252.32,37.243.213.134,sgw314,321,334
315,ne315,136.226.107.173,183.219.126.49,80.127.156.221,139.30.153.121,sgw315,322,335
316,ne316,220.103.154.247,223.199.193.63,209.242.212.75,153.232.2.156,sgw316,323,336
317,ne317,179.20.140.49,137.77.31.198,189.219.204.12,161.151.41.71,sgw317,324,337
318,ne318,50.138.218.151,119.68.186.217,22.41.29.86,162.51.143.184,sgw318,325,338
319,ne319,20.207.159.59,58.2.25.243,218.112.82.118,114.47.220.15,sgw319,326,339
320,ne320,142.168.111.138,85.80.97.151,173.110.189.58,193.199.59.135,sgw320,327,340
321,ne321,158.241.156.141,140.168.146.175,22.24.116.141,182.38.29.245,sgw321,328,341
322,ne322,174.135.228.22,1.51.161.255,55.19.201.43,44.116.21.214,sgw322,329,342
323,ne323,6.127.202.77,230.33.192.20,80.139.145.178,234.31.136.34,sgw323,330,343
324,ne324,248.188.153.154,231.188.162.19,88.235.214.226,206.6.165.238,sgw324,331,344
325,ne325,0.157.29.83,95.57.30.29,229.119.6.171,119.28.34.168,sgw325,332,345
326,ne326,88.177.241.177,97.89.150.120,39.158.211.74,62.137.208.14,sgw326,333,346
327,ne327,34.93.158.255,119.98.48.120,214.94.19.200,53.83.63.72,sgw327,334,347
328,ne328,26.40.214.118,97.192.153.82,166.151.58.133,42.143.132.108,sgw328,335,348
329,ne329,81.205.195.155,70.115.38.163,125.202.184.99,186.27.133.254,sgw329,336,349
330,ne330,67.208.201.167,92.154.232.239,45.141.221.0,21.33.28.137,sgw330,337,350
331,ne331,160.6.206.195,188.93.22.238,119.127.69.98,3.4.220.55,sgw331,338,351
332,ne332,129.110.66.204,1.226.253.11,152.72.250.123,119.209.99.200,sgw332,339,352
333,ne333,10.166.119.59,92.225.174.125,46.230.35.221,17.249.134.96,sgw333,340,353
334,ne334,171.21.235.238,30.64.69.160,245.142.179.89,25.170.172.64,sgw334,341,354
335,ne335,98.62.149.234,240.186.76.211,77.11.220.34,237.98.238.12,sgw335,342,355
336,ne336,67.158.246.19,105.129.110.143,243.99.98.38,7.95.33.125,sgw336,343,356
337,ne337,254.133.88.46,24.117.65.157,221.10.115.183,38.70.18.76,sgw337,344,357
338,ne338,27.216.103.189,228.245.120.188,127.70.56.247,86.103.185.16,sgw338,345,358
339,ne339,193.33.155.182,52.239.177.115,233.157.153.101,137.71.1.182,sgw339,346,359
340,ne340,158.184.168.12,27.151.15.156,64.103.116.35,201.243.140.172,sgw340,347,360
341,ne341,156.53.255.129,102.2.112.169,255.190.225.203,10.194.157.53,sgw341,348,361
342,ne342,69.204.223.252,57.33.115.212,150.220.163.103,217.23.68.152,sgw342,349,362
343,ne343,228.152.88.130,251.151.127.214,130.106.130.159,117.220.31.55,sgw343,350,363
344,ne344,89.186.151.71,131.169.155.82,140.242.47.81,9.59.153.99,sgw344,351,364
345,ne345,115.58.224.141,47.229.188.137,1.228.149.248,52.254.212.115,sgw345,352,365
346,ne346,73.235.252.215,39.69.102.20,102.251.128.203,197.178.3.156,sgw346,353,366
347,ne347,249.246.67.118,120.185.95.202,163.164.97.209,61.107.19.148,sgw347,354,367
348,ne348,131.202.82.197,250.176.246.43,220.156.124.11,248.156.179.82,sgw348,355,368
349,ne349,79.133.11.192,32.174.180.125,224.228.218.225,113.115.115.45,sgw349,356,369
350,ne350,110.141.34.16,66.96.77.225,78.210.236.162,171.144.97.168,sgw350,357,370
351,ne351,1.252.165.35,204.43.107.219,170.110.233.253,107.9.232.17,sgw351,358,371
352,ne352,186.181.219.183,185.4.195.162,36.124.29.122,103.65.19.201,sgw352,359,372
353,ne353,21.32.33.29,178.183.0.247,163.37.40.248,131.70.108.245,sgw353,360,373
354,ne354,66.163.78.113,137.127.29.55,99.245.121.199,148.101.120.244,sgw354,361,374
355,ne355,23.216.53.48,8.165.126.190,128.127.43.135,24.193.28.250,sgw355,362,375
356,ne356,69.84.81.42,173.6.15.74,140.204.219.143,208.250.242.217,sgw356,363,376
357,ne357,157.166.116.190,54.254.196.6,86.22.168.144,132.20.229.141,sgw357,364,377
358,ne358,215.100.88.93,1.127.44.53,198.166.248.179,197.253.131.184,sgw358,365,378
359,ne359,138.203.121.44,198.41.48.43,5.192.240.249,118.64.152.144,sgw359,366,379
360,ne360,60.115.172.72,228.79.79.172,54.204.245.69,241.35.234.233,sgw360,367,380
361,ne361,47.73.17.27,234.50.193.147,55.207.193.88,209.189.124.193,sgw361,368,381
362,ne362,107.94.30.154,89.119.222.123,226.110.137.222,189.19.54.152,sgw362,369,382
363,ne363,58.93.179.171,137.84.127.225,162.57.148.140,103.206.226.24,sgw363,370,383
364,ne364,134.249.123.115,12.32.60.18,212.68.146.250,50.100.7.252,sgw364,371,384
365,ne365,245.98.183.208,221.250.122.212,117.146.222.139,187.137.186.250,sgw365,372,385
366,ne366,247.14.8.54,75.119.171.254,30.111.201.211,167.77.138.254,sgw366,373,386
367,ne367,156.95.222.232,76.124.37.68,113.185.137.81,101.235.184.105,sgw367,374,387
368,ne368,170.218.123.35,16.53.70.65,83.2.143.37,168.205.50.104,sgw368,375,388
369,ne369,43.206.102.151,174.82.84.103,119.62.45.54,69.186.37.134,sgw369,376,389
370,ne370,189.223.170.137,76.106.188.191,185.233.144.5,97.124.183.146,sgw370,377,390
371,ne371,51.152.97.243,205.45.125.182,223.58.125.29,68.147.89.140,sgw371,378,391
372,ne372,169.100.237.78,145.8.160.102,209.179.224.245,209.246.27.24,sgw372,379,392
373,ne373,34.53.99.166,18.232.124.180,231.3.44.47,55.6.97.178,sgw373,380,393
374,ne374,117.91.247.245,52.202.15.139,158.68.170.3,51.25.179.27,sgw374,381,394
375,ne375,141.219.64.133,243.252.27.22,23.161.252.36,231.57.174.88,sgw375,382,395
376,ne376,204.9.201.206,200.39.192.205,126.201.184.161,38.38.80.196,sgw376,383,396
377,ne377,158.252.208.1,136.98.131.153,24.55.111.133,140.107.57.52,sgw377,384,397
378,ne378,65.33.197.236,202.117.224.12,215.96.151.189,15.72.178.53,sgw378,385,398
379,ne379,216.107.181.51,248.251.21.125,68.123.117.199,165.159.26.10,sgw379,386,399
380,ne380,69.194.42.233,175.53.15.136,35.202.19.164,77.23.27.164,sgw380,387,400
381,ne381,209.135.161.4,149.209.120.27,168.140.228.176,49.162.48.200,sgw381,388,401
382,ne382,171.93.186.60,108.215.179.227,168.137.52.0,53.148.116.76,sgw382,389,402
383,ne383,201.59.88.30,74.249.150.6,126.223.221.247,129.116.14.15,sgw383,390,403
384,ne384,142.139.183.6,236.139.206.25,214.121.27.109,105.241.201.4,sgw384,391,404
385,ne385,37.253.139.81,187.91.43.66,37.108.163.213,203.54.37.132,sgw385,392,405
386,ne386,117.9.189.51,115.167.165.59,70.50.193.126,16.195.16.90,sgw386,393,406
387,ne387,168.23.213.68,122.229.235.19,13.187.174.76,197.196.79.164,sgw387,394,407
388,ne388,175.1.30.244,153.232.30.23,101.245.24.158,91.184.202.44,sgw388,395,408
389,ne389,166.206.52.85,18.154.91.51,11.119.227.68,109.250.152.201,sgw389,396,409
390,ne390,37.5.146.198,215.116.55.239,89.74.138.34,0.73.151.147,sgw390,397,410
391,ne391,212.103.249.42,181.92.40.204,129.222.174.157,225.207.201.246,sgw391,398,411
392,ne392,186.5.7.90,133.70.158.161,98.84.15.237,233.99.1.148,sgw392,399,412
393,ne393,207.46.19.214,32.178.11.182,10.126.219.37,14.159.223.118,sgw393,400,413
394,ne394,77.73.202.60,247.6.97.208,100.155.107.133,169.85.137.179,sgw394,401,414
395,ne395,110.85.232.208,9.33.210.149,253.35.48.32,182.135.164.109,sgw395,402,415
396,ne396,136.218.79.77,229.100.241.169,56.120.236.151,195.77.193.157,sgw396,403,416
397,ne397,227.103.181.202,50.72.169.109,41.88.131.251,153.157.15.205,sgw397,404,417
398,ne398,132.115.197.23,131.112.203.65,220.54.6.109,227.92.100.250,sgw398,405,418
399,ne399,7.237.30.74,8.181.183.11,79.241.123.205,161.75.144.170,sgw399,406,419
400,ne400,173.229.21.253,121.122.214.140,203.13.200.76,56.137.55.249,sgw400,407,420
401,ne401,212.204.127.30,249.74.177.72,240.141.24.56,156.170.144.248,sgw401,408,421
402,ne402,133.94.232.254,17.246.134.225,174.237.151.56,165.27.61.8,sgw402,409,422
403,ne403,233.35.170.55,164.210.110.236,84.193.17.13,251.229.48.220,sgw403,410,423
404,ne404,64.146.125.103,240.109.37.101,62.35.71.57,240.231.214.68,sgw404,411,424
405,ne405,70.116.223.81,157.66.253.81,22.5.151.161,131.207.20.182,sgw405,412,425
406,ne406,71.137.114.130,118.213.143.98,135.201.235.90,19.177.154.211,sgw406,413,426
407,ne407,52.206.168.13,162.223.182.48,110.29.124.209,119.141.0.204,sgw407,414,427
408,ne408,165.35.199.118,41.24.137.225,64.97.185.223,104.154.15.54,sgw408,415,428
409,ne409,128.189.119.154,232.219.17.176,112.153.61.136,79.185.65.100,sgw409,416,429
410,ne410,66.118.12.74,99.46.20.225,134.67.239.37,14.85.126.168,sgw410,417,430
411,ne411,152.69.58.127,108.214.154.0,36.249.126.115,130.71.127.37,sgw411,418,431
412,ne412,71.112.231.53,184.204.79.24,96.153.29.234,7.214.57.234,sgw412,419,432
413,ne413,212.175.19.126,107.167.176.223,249.234.174.127,191.2.69.157,sgw413,420,433
414,ne414,227.72.68.15,171.10.200.218,207.129.117.72,230.38.23.106,sgw414,421,434
415,ne415,161.11.36.133,196.190.180.159,90.102.129.142,57.39.113.136,sgw415,422,435
416,ne416,34.58.16.14,248.203.55.222,225.131.241.119,21.213.117.133,sgw416,423,436
417,ne417,12.88.95.124,184.227.81.115,59.107.98.230,101.96.125.204,sgw417,424,437
418,ne418,201.103.18.216,76.191.216.50,102.57.36.194,126.20.160.81,sgw418,425,438
419,ne419,35.250.26.44,98.225.171.146,133.162.29.209,7.144.203.231,sgw419,426,439
420,ne420,22.241.14.167,32.196.110.254,191.184.0.231,81.205.6.68,sgw420,427,440
421,ne421,52.201.3.253,1.19.252.96,143.26.171.99,115.238.126.95,sgw421,428,441
422,ne422,220.72.6.161,66.209.243.152,86.140.26.163,126.68.146.39,sgw422,429,442
423,ne423,98.164.182.137,169.212.157.22,83.217.70.17,207.252.190.184,sgw423,430,443
424,ne424,162.162.129.66,218.150.245.157,252.26.99.237,214.39.224.166,sgw424,431,444
425,ne425,193.174.169.207,55.157.63.197,219.225.131.42,10.121.126.205,sgw425,432,445
426,ne426,61.223.230.198,110.153.91.216,54.146.155.8,233.82.172.146,sgw426,433,446
427,ne427,57.239.138.158,211.167.205.240,21.7.117.64,13.53.0.89,sgw427,434,447
428,ne428,17.1.248.62,188.209.174.153,134.165.177.163,210.214.63.215,sgw428,435,448
429,ne429,174.236.250.124,165.179.63.200,79.186.148.193,219.181.124.133,sgw429,436,449
430,ne430,202.252.6.4,118.214.62.191,232.69.114.52,200.25.77.232,sgw430,437,450
431,ne431,187.57.32.150,65.137.52.140,156.97.72.235,215.204.68.188,sgw431,438,451
432,ne432,207.144.231.95,91.84.122.209,234.103.34.103,176.170.89.168,sgw432,439,452
433,ne433,51.111.157.69,212.129.78.40,201.169.167.142,142.142.145.31,sgw433,440,453
434,ne434,152.216.198.220,118.74.44.123,177.11.129.88,31.12.117.110,sgw434,441,454
435,ne435,176.162.235.110,151.135.242.229,108.213.112.176,214.34.45.106,sgw435,442,455
436,ne436,51.32.104.44,42.112.107.100,170.62.142.36,22.242.39.163,sgw436,443,456
437,ne437,252.128.92.254,64.116.185.199,1.57.60.120,61.173.235.50,sgw437,444,457
438,ne438,223.140.36.17,41.122.217.238,228.41.68.219,132.98.44.105,sgw438,445,458
439,ne439,88.59.241.172,209.203.133.2,254.37.133.125,163.138.44.51,sgw439,446,459
440,ne440,120.72.85.86,120.136.226.31,97.93.70.190,16.73.202.78,sgw440,447,460
441,ne441,191.179.70.207,37.71.30.155,44.213.229.93,218.212.129.9,sgw441,448,461
442,ne442,111.179.30.130,162.103.178.169,155.143.217.107,183.10.209.37,sgw442,449,462
443,ne443,61.96.181.209,154.201.192.151,50.50.103.182,128.55.184.70,sgw443,450,463
444,ne444,20.63.151.164,205.46.128.207,255.245.161.184,38.228.27.94,sgw444,451,464
445,ne445,212.103.75.205,107.27.139.107,176.150.8.249,62.247.228.1,sgw445,452,465
446,ne446,227.115.107.115,182.4.165.255,7.210.85.31,27.65.201.35,sgw446,453,466
447,ne447,228.24.124.218,133.143.186.128,112.50.126.203,92.122.27.179,sgw447,454,467
448,ne448,184.117.88.49,106.200.66.189,245.198.151.176,164.107.205.88,sgw448,455,468
449,ne449,172.158.87.252,231.128.65.21,148.53.244.11,148.162.156.251,sgw449,456,469
450,ne450,17.42.136.248,155.143.36.119,133.48.124.92,212.68.230.224,sgw450,457,470
451,ne451,117.15.83.175,92.12.202.95,45.179.46.57,9.182.181.80,sgw451,458,471
452,ne452,136.123.153.146,27.202.197.83,106.177.130.250,195.22.101.13,sgw452,459,472
453,ne453,134.237.222.30,105.21.179.205,214.219.136.217,34.83.99.103,sgw453,460,473
454,ne454,231.169.232.129,30.164.16.188,5.143.152.190,219.137.22.35,sgw454,461,474
455,ne455,106.240.132.27,145.14.19.119,199.59.173.36,240.170.156.42,sgw455,462,475
456,ne456,195.217.75.13,108.17.247.201,248.186.42.250,97.228.15.227,sgw456,463,476
457,ne457,92.166.33.55,16.19.70.235,81.254.211.111,89.234.14.108,sgw457,464,477
458,ne458,188.75.249.176,152.221.252.20,200.22.119.25,100.82.249.53,sgw458,465,478
459,ne459,79.83.14.45,241.236.192.46,214.10.130.241,103.192.253.237,sgw459,466,479
460,ne460,142.8.248.154,255.147.218.138,117.82.238.244,15.74.220.244,sgw460,467,480
461,ne461,15.235.200.11,74.157.168.15,213.213.172.42,55.164.158.74,sgw461,468,481
462,ne462,21.128.254.63,63.174.176.206,153.5.6.72,10.23.23.32,sgw462,469,482
463,ne463,226.200.130.161,181.186.207.123,168.146.32.105,43.36.42.212,sgw463,470,483
464,ne464,0.127.47.126,82.149.221.53,88.68.205.92,66.247.85.165,sgw464,471,484
465,ne465,37.73.93.5,49.48.163.128,157.87.54.38,86.235.232.89,sgw465,472,485
466,ne466,195.76.221.163,210.97.236.51,15.203.90.105,110.113.98.252,sgw466,473,486
467,ne467,223.141.38.113,129.146.215.10,26.145.162.197,230.20.103.191,sgw467,474,487
468,ne468,153.2.26.143,40.198.34.176,105.8.213.115,17.31.126.90,sgw468,475,488
469,ne469,42.243.21.166,4.82.11.114,248.158.42.109,63.198.98.174,sgw469,476,489
470,ne470,68.235.144.82,131.233.9.255,172.71.162.215,36.22.122.63,sgw470,477,490
471,ne471,105.194.58.200,132.181.91.229,21.129.40.133,218.208.208.246,sgw471,478,491
472,ne472,77.15.198.19,245.18.147.237,136.212.101.135,226.108.204.116,sgw472,479,492
473,ne473,234.198.132.43,207.217.216.157,67.69.165.225,161.203.110.121,sgw473,480,493
474,ne474,250.15.106.13,157.91.105.75,122.5.249.173,45.196.252.89,sgw474,481,494
475,ne475,13.239.176.219,52.163.105.54,159.133.73.155,193.225.47.231,sgw475,482,495
476,ne476,172.16.24.147,36.251.146.33,255.71.181.168,47.209.233.122,sgw476,483,496
477,ne477,69.24.168.95,150.120.36.9,168.183.252.154,73.234.211.215,sgw477,484,497
478,ne478,75.137.169.115,87.249.60.233,75.178.211.220,194.204.94.32,sgw478,485,498
479,ne479,6.165.165.50,77.196.231.168,134.93.64.55,7.3.86.75,sgw479,486,499
480,ne480,11.46.162.15,44.94.157.112,110.139.63.174,219.216.101.76,sgw480,487,500
481,ne481,111.93.200.77,11.251.215.25,173.159.22.68,40.124.160.248,sgw481,488,501
482,ne482,50.202.171.155,139.39.135.19,105.90.243.32,119.116.63.119,sgw482,489,502
483,ne483,244.13.46.115,143.69.183.52,144.180.128.70,212.55.198.105,sgw483,490,503
484,ne484,179.139.238.108,43.68.238.221,146.237.149.144,91.36.59.90,sgw484,491,504
485,ne485,57.131.189.125,38.163.234.114,81.125.209.143,122.32.183.219,sgw485,492,505
486,ne486,227.15.69.27,242.214.200.25,234.0.53.121,228.203.212.35,sgw486,493,506
487,ne487,247.166.3.189,90.233.190.30,228.26.189.244,211.128.7.135,sgw487,494,507
488,ne488,25.181.194.112,87.103.110.75,101.61.43.199,121.170.231.46,sgw488,495,508
489,ne489,108.138.247.56,238.209.49.0,99.15.85.198,26.3.74.22,sgw489,496,509
490,ne490,185.246.243.90,187.175.190.98,150.254.49.111,85.226.22.67,sgw490,497,510
491,ne491,18.10.168.185,12.69.153.192,101.32.241.150,27.175.32.102,sgw491,498,511
492,ne492,39.53.113.240,224.88.129.214,195.1.171.159,227.123.79.30,sgw492,499,512
493,ne493,82.7.225.133,165.59.233.134,120.249.253.124,240.1.97.250,sgw493,500,513
494,ne494,78.142.57.90,175.162.215.150,183.108.89.75,51.233.8.196,sgw494,501,514
495,ne495,251.55.243.171,205.189.112.184,178.115.215.161,212.95.158.32,sgw495,502,515
496,ne496,88.127.63.56,97.197.140.227,121.166.199.74,61.127.145.145,sgw496,503,516
497,ne497,128.132.102.39,189.54.110.165,145.68.208.165,191.181.236.237,sgw497,504,517
498,ne498,106.143.87.11,195.42.99.252,107.139.228.54,212.251.85.231,sgw498,505,518
499,ne499,181.120.246.176,16.32.182.25,172.4.43.18,174.128.201.253,sgw499,506,519
500,ne500,84.21.137.69,218.208.6.149,76.249.116.0,152.223.28.218,sgw500,507,520
501,ne501,163.34.7.103,93.158.69.59,218.156.233.210,220.143.196.222,sgw501,508,521
502,ne502,4.205.177.230,235.65.43.153,198.153.218.252,24.251.104.127,sgw502,509,522
503,ne503,158.215.61.30,151.164.116.246,35.247.159.107,10.33.86.147,sgw503,510,523
504,ne504,144.94.201.252,184.32.20.252,173.68.116.4,142.73.158.186,sgw504,511,524
505,ne505,152.93.136.53,20.189.48.209,140.75.127.246,228.134.210.62,sgw505,512,525
506,ne506,91.67.165.164,173.210.47.24,198.57.144.149,9.181.140.54,sgw506,513,526
507,ne507,111.196.245.177,10.86.133.49,202.47.161.123,174.75.50.44,sgw507,514,527
508,ne508,203.189.35.35,72.98.17.92,91.25.132.237,125.251.45.100,sgw508,515,528
509,ne509,72.25.66.183,112.201.41.77,242.203.23.98,179.154.211.99,sgw509,516,529
510,ne510,4.95.101.23,189.181.87.82,98.147.106.68,191.63.239.146,sgw510,517,530
511,ne511,129.84.166.174,228.250.173.77,134.154.43.65,140.197.100.86,sgw511,518,531
512,ne512,38.246.113.228,0.228.52.164,160.222.56.137,219.160.7.189,sgw512,519,532
513,ne513,141.26.159.26,212.244.98.111,140.135.159.37,67.76.126.246,sgw513,520,533
514,ne514,77.75.221.253,161.109.106.166,210.92.116.75,23.250.23.53,sgw514,521,534
515,ne515,76.137.115.4,88.149.58.244,135.251.146.155,171.172.37.138,sgw515,522,535
516,ne516,52.212.159.168,147.201.139.73,249.66.104.82,196.192.75.127,sgw516,523,536
517,ne517,168.250.91.237,207.156.242.30,250.228.108.113,97.9.67.66,sgw517,524,537
518,ne518,20.205.249.158,77.9.233.123,174.6.91.72,159.159.64.113,sgw518,525,538
519,ne519,218.18.77.131,69.243.182.161,125.80.149.25,108.45.24.109,sgw519,526,539
520,ne520,154.169.112.191,234.219.219.237,66.239.182.205,243.245.102.31,sgw520,527,540
521,ne521,117.45.75.36,165.179.212.39,124.248.122.52,143.29.166.82,sgw521,528,541
522,ne522,255.105.125.217,105.61.198.67,120.246.204.95,255.243.234.19,sgw522,529,542
523,ne523,47.240.63.233,225.220.170.216,48.11.131.118,129.100.123.156,sgw523,530,543
524,ne524,25.229.96.197,150.87.203.21,218.142.98.75,134.166.185.93,sgw524,531,544
525,ne525,38.111.242.88,30.223.73.187,95.100.193.208,80.164.40.227,sgw525,532,545
526,ne526,91.105.114.136,9.210.135.88,57.178.196.137,100.11.118.123,sgw526,533,546
527,ne527,38.198.146.142,39.131.195.99,34.203.226.228,199.209.84.221,sgw527,534,547
528,ne528,84.176.123.193,223.84.169.237,98.33.236.107,178.96.37.139,sgw528,535,548
529,ne529,194.41.161.208,32.44.218.73,176.149.87.131,254.217.208.75,sgw529,536,549
530,ne530,250.17.221.158,169.149.83.30,156.148.186.20,250.163.190.88,sgw530,537,550
531,ne531,92.81.181.79,126.53.15.33,2.103.137.253,176.219.126.182,sgw531,538,551
532,ne532,130.86.139.251,41.167.16.18,177.185.115.244,247.90.22.238,sgw532,539,552
533,ne533,103.107.196.45,210.17.41.82,170.185.232.168,20.146.47.141,sgw533,540,553
534,ne534,42.47.113.150,150.246.66.190,92.122.124.219,130.230.201.173,sgw534,541,554
535,ne535,14.255.144.81,192.3.155.34,96.27.86.228,164.82.73.228,sgw535,542,555
536,ne536,34.8.179.188,57.16.56.4,236.79.116.11,244.64.44.43,sgw536,543,556
537,ne537,224.198.172.108,177.255.113.53,23.202.20.247,43.153.60.118,sgw537,544,557
538,ne538,153.93.85.21,46.201.4.90,79.239.105.8,251.197.191.55,sgw538,545,558
539,ne539,199.78.210.123,62.184.229.80,116.240.167.3,32.94.163.68,sgw539,546,559
540,ne540,92.89.42.171,33.31.212.164,94.167.115.154,67.232.162.198,sgw540,547,560
541,ne541,255.17.146.95,19.159.3.213,222.232.168.34,10.11.68.90,sgw541,548,561
542,ne542,164.169.131.10,229.237.123.55,40.198.179.185,73.63.219.248,sgw542,549,562
543,ne543,217.2.114.187,212.123.70.215,75.12.148.13,235.103.93.120,sgw543,550,563
544,ne544,121.82.73.232,64.163.18.128,83.8.255.24,4.65.116.24,sgw544,551,564
545,ne545,121.54.49.151,34.2.136.57,101.186.144.3,254.75.71.72,sgw545,552,565
546,ne546,211.21.195.93,26.182.16.71,84.144.28.209,233.136.187.78,sgw546,553,566
547,ne547,230.215.9.166,76.44.123.218,14.244.98.100,47.226.154.186,sgw547,554,567
548,ne548,115.241.73.157,48.61.174.167,83.4.84.64,246.239.151.124,sgw548,555,568
549,ne549,249.18.146.53,14.172.30.206,95.216.74.96,198.143.218.211,sgw549,556,569
550,ne550,112.82.33.144,80.204.152.25,210.162.61.61,101.48.118.181,sgw550,557,570
551,ne551,234.184.130.59,7.141.140.29,13.15.26.26,124.168.176.204,sgw551,558,571
552,ne552,183.152.133.26,39.146.9.124,242.53.31.20,80.155.120.138,sgw552,559,572
553,ne553,74.241.183.91,35.101.250.56,57.87.86.148,23.29.223.129,sgw553,560,573
554,ne554,82.188.60.255,48.242.228.31,224.81.238.221,87.113.93.22,sgw554,561,574
555,ne555,11.155.94.100,68.91.170.209,177.51.238.141,85.156.142.10,sgw555,562,575
556,ne556,14.150.249.37,29.36.88.121,209.174.52.209,231.79.84.170,sgw556,563,576
557,ne557,177.19.219.131,205.147.17.56,228.186.137.110,3.60.48.185,sgw557,564,577
558,ne558,228.108.54.72,192.64.139.44,54.166.230.209,235.90.13.27,sgw558,565,578
559,ne559,41.246.175.255,144.57.141.226,59.26.68.141,44.252.136.113,sgw559,566,579
560,ne560,136.217.94.10,210.129.23.199,13.74.58.17,123.217.188.186,sgw560,567,580
561,ne561,203.185.44.26,103.247.36.183,248.197.58.29,154.5.9.245,sgw561,568,581
562,ne562,126.112.233.237,232.197.107.192,67.197.81.213,0.64.201.234,sgw562,569,582
563,ne563,107.126.175.152,132.192.138.155,116.61.245.26,23.89.80.26,sgw563,570,583
564,ne564,182.163.102.177,129.224.43.218,60.116.78.192,112.172.163.43,sgw564,571,584
565,ne565,232.192.66.163,55.71.147.53,84.91.246.69,20.200.86.59,sgw565,572,585
566,ne566,81.213.123.98,186.72.153.234,158.149.110.146,230.181.76.153,sgw566,573,586
567,ne567,138.66.34.125,94.52.110.177,127.30.114.116,49.121.129.123,sgw567,574,587
568,ne568,222.20.84.115,23.85.160.67,189.231.40.232,230.118.13.110,sgw568,575,588
569,ne569,131.208.87.99,165.171.145.105,84.39.127.45,194.138.199.152,sgw569,576,589
570,ne570,125.40.214.81,55.4.143.169,81.30.7.33,250.31.179.205,sgw570,577,590
571,ne571,127.117.60.37,241.193.78.9,101.189.22.154,219.115.128.49,sgw571,578,591
572,ne572,241.251.0.156,17.119.70.252,101.149.228.202,110.29.96.159,sgw572,579,592
573,ne573,67.39.105.225,158.127.238.74,93.206.35.114,25.72.184.252,sgw573,580,593
574,ne574,254.111.162.70,153.37.106.107,202.141.6.84,86.65.102.222,sgw574,581,594
575,ne575,165.50.33.116,108.191.220.68,132.67.169.7,241.230.93.104,sgw575,582,595
576,ne576,149.196.103.38,244.252.153.126,179.55.193.143,211.119.208.213,sgw576,583,596
577,ne577,12.60.31.10,136.10.58.120,97.175.117.153,173.249.241.169,sgw577,584,597
578,ne578,156.80.83.242,170.140.108.77,40.33.217.135,50.12.115.248,sgw578,585,598
579,ne579,1.123.160.139,142.63.124.62,180.207.209.44,88.199.85.108,sgw579,586,599
580,ne580,89.40.143.227,70.48.250.164,219.142.117.157,82.42.171.215,sgw580,587,600
581,ne581,83.77.216.27,105.46.8.146,146.170.50.145,3.39.142.72,sgw581,588,601
582,ne582,66.243.252.206,201.243.99.247,242.182.147.2,124.50.174.162,sgw582,589,602
583,ne583,93.136.3.121,158.101.77.123,125.158.200.213,25.154.47.93,sgw583,590,603
584,ne584,224.138.181.223,150.219.57.158,177.102.112.201,58.238.255.83,sgw584,591,604
585,ne585,3.175.10.56,62.94.106.9,191.254.190.76,253.147.214.46,sgw585,592,605
586,ne586,84.141.207.164,217.64.15.42,239.148.29.96,78.205.62.84,sgw586,593,606
587,ne587,177.185.113.200,7.145.37.227,118.43.189.75,115.32.225.23,sgw587,594,607
588,ne588,22.63.88.166,137.218.17.21,188.76.38.185,76.171.57.7,sgw588,595,608
589,ne589,57.197.21.235,43.23.9.165,4.104.158.206,189.241.245.87,sgw589,596,609
590,ne590,9.90.241.77,33.226.199.81,131.228.73.106,106.237.0.69,sgw590,597,610
591,ne591,77.21.159.255,149.124.185.149,232.254.7.187,160.23.47.162,sgw591,598,611
592,ne592,110.31.7.32,135.252.216.97,181.44.127.66,93.166.20.116,sgw592,599,612
593,ne593,236.168.103.229,110.91.54.147,1.148.138.80,189.55.142.38,sgw593,600,613
594,ne594,119.50.61.236,203.228.8.238,12.246.187.211,154.213.71.152,sgw594,601,614
595,ne595,26.28.103.93,71.29.240.205,66.206.42.244,117.216.47.218,sgw595,602,615
596,ne596,150.131.31.75,216.115.4.28,20.67.26.89,131.14.181.94,sgw596,603,616
597,ne597,217.233.164.231,50.53.189.131,164.115.120.193,233.176.122.5,sgw597,604,617
598,ne598,121.165.93.216,106.101.156.77,17.32.193.53,218.107.33.161,sgw598,605,618
599,ne599,22.61.178.79,215.96.120.94,239.102.252.7,211.139.53.244,sgw599,606,619
600,ne600,200.152.192.18,42.60.91.77,148.38.91.120,25.86.34.92,sgw600,607,620
601,ne601,172.158.223.48,63.236.81.188,184.25.103.184,137.57.230.242,sgw601,608,621
602,ne602,72.85.248.205,170.160.168.199,37.27.150.244,137.17.25.191,sgw602,609,622
603,ne603,95.133.173.94,150.107.204.254,165.91.216.107,129.199.79.50,sgw603,610,623
604,ne604,225.27.119.171,120.33.30.86,182.37.118.76,222.156.242.193,sgw604,611,624
605,ne605,80.222.250.79,61.133.167.21,207.204.210.2,197.123.6.93,sgw605,612,625
606,ne606,75.61.160.145,230.99.5.106,2.114.148.141,99.241.179.200,sgw606,613,626
607,ne607,132.244.114.6,60.54.76.11,72.70.129.244,234.233.27.19,sgw607,614,627
608,ne608,221.168.45.244,41.119.160.161,179.68.70.188,238.97.7.190,sgw608,615,628
609,ne609,36.91.6.93,114.81.146.137,76.38.2.11,225.233.104.9,sgw609,616,629
610,ne610,18.59.36.30,228.92.141.203,138.16.247.73,149.24.163.78,sgw610,617,630
611,ne611,187.250.242.137,211.189.180.42,74.148.229.134,76.16.206.7,sgw611,618,631
612,ne612,42.2.163.143,7.199.132.119,10.88.148.39,188.107.193.69,sgw612,619,632
613,ne613,73.172.25.201,245.201.236.97,156.48.116.91,5.85.146.66,sgw613,620,633
614,ne614,229.74.237.147,117.218.189.172,31.249.46.219,88.240.15.88,sgw614,621,634
615,ne615,52.218.102.76,223.75.130.106,233.237.53.220,203.116.221.185,sgw615,622,635
616,ne616,13.107.159.97,124.76.63.9,230.86.70.70,195.46.131.132,sgw616,623,636
617,ne617,120.21.232.43,244.78.84.213,200.75.93.186,26.11.158.193,sgw617,624,637
618,ne618,76.11.16.40,193.49.158.212,34.216.172.126,99.81.183.17,sgw618,625,638
619,ne619,220.148.162.223,140.145.72.168,118.3.185.195,5.174.15.248,sgw619,626,639
620,ne620,234.87.35.241,133.188.245.182,6.5.183.238,19.146.119.18,sgw620,627,640
621,ne621,203.103.104.73,188.174.55.132,253.87.208.195,73.204.102.132,sgw621,628,641
622,ne622,112.141.93.107,163.223.149.22,6.74.246.72,18.136.93.62,sgw622,629,642
623,ne623,216.165.67.187,152.101.198.163,207.140.143.144,43.34.140.56,sgw623,630,643
624,ne624,123.124.16.196,241.239.37.98,196.37.105.214,72.241.48.29,sgw624,631,644
625,ne625,243.20.73.88,223.252.117.88,130.75.136.224,2.248.239.195,sgw625,632,645
626,ne626,188.108.222.132,234.114.240.117,80.103.29.234,194.211.14.76,sgw626,633,646
627,ne627,202.129.71.72,48.174.220.86,40.241.153.203,160.189.80.225,sgw627,634,647
628,ne628,38.239.148.127,162.21.228.137,82.25.199.247,165.189.81.17,sgw628,635,648
629,ne629,244.222.151.107,241.197.104.15,76.205.195.151,170.5.0.160,sgw629,636,649
630,ne630,160.207.156.250,127.250.31.220,21.111.84.190,237.189.49.102,sgw630,637,650
631,ne631,62.207.171.75,157.63.216.106,101.89.43.249,208.163.6.69,sgw631,638,651
632,ne632,17.100.209.15,212.155.22.159,228.96.139.177,114.32.146.177,sgw632,639,652
633,ne633,11.238.163.193,71.172.173.160,106.119.184.163,163.166.175.219,sgw633,640,653
634,ne634,167.9.183.39,71.158.72.148,229.20.175.231,58.209.199.208,sgw634,641,654
635,ne635,86.183.46.176,150.23.43.155,8.94.58.8,94.53.137.209,sgw635,642,655
636,ne636,104.17.213.212,61.219.75.133,128.129.198.193,175.165.94.219,sgw636,643,656
637,ne637,185.171.195.123,179.164.37.200,75.114.214.194,77.117.169.63,sgw637,644,657
638,ne638,192.202.149.247,32.18.196.105,167.1.158.207,69.192.97.57,sgw638,645,658
639,ne639,175.24.185.62,143.96.1.172,26.174.183.208,182.197.11.128,sgw639,646,659
640,ne640,141.254.122.145,65.25.103.110,170.19.190.27,44.181.56.11,sgw640,647,660
641,ne641,105.208.70.68,41.105.72.185,24.185.34.189,97.190.83.213,sgw641,648,661
642,ne642,228.64.93.170,252.39.238.148,120.94.208.70,251.89.125.84,sgw642,649,662
643,ne643,226.44.131.203,245.181.207.9,193.92.81.51,127.77.219.140,sgw643,650,663
644,ne644,192.183.250.114,222.81.50.53,189.23.11.196,99.173.182.247,sgw644,651,664
645,ne645,90.238.146.179,15.153.35.0,27.235.95.175,238.217.100.219,sgw645,652,665
646,ne646,24.98.207.126,111.26.106.149,232.71.217.80,118.60.104.184,sgw646,653,666
647,ne647,23.48.159.189,97.61.154.197,144.3.199.61,212.215.135.241,sgw647,654,667
648,ne648,252.45.214.235,211.17.177.253,223.61.164.209,59.129.120.100,sgw648,655,668
649,ne649,180.182.165.194,110.160.161.110,128.134.95.132,136.101.178.94,sgw649,656,669
650,ne650,213.254.21.6,65.254.64.32,59.241.121.159,74.0.26.185,sgw650,657,670
651,ne651,120.246.36.15,80.89.130.100,206.0.71.109,71.70.101.170,sgw651,658,671
652,ne652,195.171.225.30,113.16.4.72,131.66.101.235,222.176.234.4,sgw652,659,672
653,ne653,64.208.155.18,151.200.84.108,168.216.121.59,57.102.248.149,sgw653,660,673
654,ne654,72.243.167.249,148.135.80.180,86.42.230.103,216.224.93.146,sgw654,661,674
655,ne655,7.187.138.12,17.125.247.134,171.229.192.202,157.165.212.27,sgw655,662,675
656,ne656,248.222.179.3,208.174.71.150,180.6.196.193,130.195.197.78,sgw656,663,676
657,ne657,175.135.182.39,92.38.117.158,229.134.24.11,214.108.239.71,sgw657,664,677
658,ne658,163.52.30.126,71.231.118.103,195.161.160.244,9.165.245.137,sgw658,665,678
659,ne659,64.29.31.135,24.105.128.84,255.61.43.21,189.18.197.151,sgw659,666,679
660,ne660,19.163.95.57,6.188.156.33,219.71.90.47,241.178.234.93,sgw660,667,680
661,ne661,42.200.151.153,191.104.159.201,48.113.145.89,54.167.76.110,sgw661,668,681
662,ne662,150.110.224.224,70.169.55.146,103.166.251.174,218.188.6.197,sgw662,669,682
663,ne663,218.216.46.15,63.82.210.151,197.10.195.203,29.29.22.180,sgw663,670,683
664,ne664,53.3.248.152,116.82.158.159,193.213.146.30,47.152.199.163,sgw664,671,684
665,ne665,186.253.90.74,224.12.236.193,93.44.16.227,154.58.18.227,sgw665,672,685
666,ne666,143.83.180.247,222.70.94.160,95.175.188.254,101.86.110.128,sgw666,673,686
667,ne667,97.168.174.27,8.117.136.8,147.175.102.69,95.53.36.77,sgw667,674,687
668,ne668,85.107.119.139,70.22.149.37,177.80.220.34,79.184.173.51,sgw668,675,688
669,ne669,158.32.210.254,145.164.119.165,29.187.82.194,143.25.11.241,sgw669,676,689
670,ne670,244.178.115.254,197.152.44.221,126.35.64.86,108.199.79.202,sgw670,677,690
671,ne671,150.115.81.17,21.173.204.194,107.20.116.32,75.226.224.174,sgw671,678,691
672,ne672,229.191.189.239,70.33.186.84,225.19.217.72,124.112.189.81,sgw672,679,692
673,ne673,63.51.181.154,92.207.119.36,47.150.144.181,87.198.17.226,sgw673,680,693
674,ne674,144.12.83.173,253.4.113.90,116.139.49.170,59.208.15.18,sgw674,681,694
675,ne675,174.187.83.79,235.178.40.207,109.152.86.75,235.243.110.132,sgw675,682,695
676,ne676,125.234.104.80,147.136.84.125,215.20.149.196,84.254.158.88,sgw676,683,696
677,ne677,199.13.172.47,127.113.199.200,238.30.196.207,220.51.131.31,sgw677,684,697
678,ne678,3.144.49.99,168.190.39.224,140.52.0.143,166.181.198.130,sgw678,685,698
679,ne679,121.158.70.178,120.128.156.245,137.103.207.0,245.3.137.239,sgw679,686,699
680,ne680,124.179.249.87,59.100.194.228,32.41.141.138,122.100.247.83,sgw680,687,700
681,ne681,92.24.120.161,189.247.167.24,129.34.254.125,190.232.102.26,sgw681,688,701
682,ne682,244.138.252.253,146.102.220.36,78.191.227.58,136.219.123.216,sgw682,689,702
683,ne683,56.95.54.100,17.142.39.15,100.163.240.77,138.77.47.5,sgw683,690,703
684,ne684,76.180.130.189,52.129.250.36,145.159.19.248,168.11.179.14,sgw684,691,704
685,ne685,140.137.7.32,135.223.202.83,167.241.59.4,211.1.83.209,sgw685,692,705
686,ne686,212.143.61.59,130.152.80.25,92.165.205.0,83.169.229.133,sgw686,693,706
687,ne687,16.45.249.253,17.222.192.222,187.182.40.144,156.194.36.198,sgw687,694,707
688,ne688,109.130.133.15,157.204.76.46,211.107.134.246,79.217.152.155,sgw688,695,708
689,ne689,181.205.95.58,74.111.187.88,118.37.150.81,187.197.137.61,sgw689,696,709
690,ne690,51.67.120.20,126.49.151.183,11.174.72.7,132.6.233.95,sgw690,697,710
691,ne691,157.28.91.183,107.1.214.223,23.64.158.137,122.9.254.83,sgw691,698,711
692,ne692,172.24.41.5,155.77.109.3,241.253.82.83,145.36.69.27,sgw692,699,712
693,ne693,87.24.102.168,143.161.107.240,245.221.148.53,221.112.16.235,sgw693,700,713
694,ne694,12.3.84.173,119.49.58.26,184.234.149.192,196.229.126.43,sgw694,701,714
695,ne695,126.118.252.249,194.76.181.29,167.212.126.188,105.139.99.243,sgw695,702,715
696,ne696,128.231.158.101,95.130.140.53,167.107.196.22,16.0.62.94,sgw696,703,716
697,ne697,41.77.254.95,170.239.150.48,12.145.52.101,181.48.40.79,sgw697,704,717
698,ne698,58.229.3.45,42.221.137.19,63.62.127.4,96.158.75.164,sgw698,705,718
699,ne699,22.103.28.43,233.222.3.59,130.199.35.236,137.124.92.33,sgw699,706,719
700,ne700,67.200.111.252,4.216.165.129,213.79.238.212,46.75.26.45,sgw700,707,720
701,ne701,190.191.69.162,119.58.171.86,37.114.245.173,121.59.49.227,sgw701,708,721
702,ne702,29.127.121.184,95.248.23.89,161.187.66.220,31.100.225.92,sgw702,709,722
703,ne703,36.229.133.35,108.132.183.204,190.241.94.130,114.152.192.9,sgw703,710,723
704,ne704,37.243.88.5,133.237.146.235,90.211.16.204,213.23.207.54,sgw704,711,724
705,ne705,228.171.187.137,42.180.58.224,19.199.197.18,228.138.124.222,sgw705,712,725
706,ne706,107.174.199.208,86.18.122.202,25.102.151.197,141.228.245.122,sgw706,713,726
707,ne707,181.165.159.155,57.140.172.159,62.28.95.189,147.193.251.221,sgw707,714,727
708,ne708,81.11.227.240,164.177.160.116,71.156.161.145,75.87.218.36,sgw708,715,728
709,ne709,195.49.4.139,190.58.196.207,190.179.27.95,98.65.64.84,sgw709,716,729
710,ne710,182.118.162.48,142.59.187.58,124.122.117.102,157.89.242.139,sgw710,717,730
711,ne711,233.136.137.250,30.82.205.91,226.224.199.108,7.48.107.86,sgw711,718,731
712,ne712,90.19.240.28,66.62.172.233,150.179.136.104,90.125.40.245,sgw712,719,732
713,ne713,203.71.57.28,204.160.212.185,81.193.64.101,19.160.76.104,sgw713,720,733
714,ne714,187.129.203.195,132.48.112.167,207.91.219.97,201.239.157.19,sgw714,721,734
715,ne715,4.190.86.34,145.52.153.46,217.232.179.208,45.191.214.247,sgw715,722,735
716,ne716,208.33.147.57,93.141.149.90,62.230.179.138,38.102.115.140,sgw716,723,736
717,ne717,241.13.2.19,183.59.116.180,251.66.174.10,192.152.166.127,sgw717,724,737
718,ne718,213.225.36.251,136.0.21.104,206.2.83.202,54.82.85.14,sgw718,725,738
719,ne719,190.93.57.152,25.0.56.92,7.196.145.239,160.111.80.215,sgw719,726,739
720,ne720,62.37.136.230,147.70.122.215,235.168.11.185,245.66.78.17,sgw720,727,740
721,ne721,189.10.239.153,139.197.180.232,108.31.129.140,160.115.106.15,sgw721,728,741
722,ne722,216.22.239.57,82.171.104.10,107.18.5.75,1.164.2.15,sgw722,729,742
723,ne723,88.165.50.80,169.19.246.129,194.35.37.228,196.116.91.112,sgw723,730,743
724,ne724,140.116.157.201,20.41.37.28,111.89.218.93,86.171.46.162,sgw724,731,744
725,ne725,88.28.124.46,192.175.20.122,14.52.90.82,140.132.163.219,sgw725,732,745
726,ne726,40.40.88.148,95.173.235.138,219.58.40.62,2.154.11.253,sgw726,733,746
727,ne727,103.228.151.88,236.158.138.15,100.248.87.212,8.82.1.187,sgw727,734,747
728,ne728,62.249.56.115,82.205.199.194,171.68.76.100,180.105.86.253,sgw728,735,748
729,ne729,35.83.31.27,23.21.146.121,243.227.190.13,218.218.221.99,sgw729,736,749
730,ne730,168.18.119.253,184.208.59.44,149.119.37.51,215.199.68.223,sgw730,737,750
731,ne731,147.180.145.50,2.194.250.61,142.58.18.171,82.171.138.43,sgw731,738,751
732,ne732,192.145.131.224,137.67.38.103,62.254.81.136,66.97.98.189,sgw732,739,752
733,ne733,93.220.228.137,178.251.243.156,216.180.97.165,67.61.78.123,sgw733,740,753
734,ne734,136.61.28.105,69.113.129.78,43.84.134.163,146.253.221.236,sgw734,741,754
735,ne735,225.28.106.220,53.194.16.56,152.11.143.193,250.122.240.71,sgw735,742,755
736,ne736,105.114.192.30,238.168.116.24,194.88.173.21,102.91.183.139,sgw736,743,756
737,ne737,56.248.230.227,71.201.4.196,252.156.13.7,37.231.128.79,sgw737,744,757
738,ne738,133.12.172.178,190.75.145.255,254.195.88.87,208.42.235.230,sgw738,745,758
739,ne739,130.159.134.235,27.147.75.133,97.1.215.55,42.18.35.13,sgw739,746,759
740,ne740,60.199.142.117,16.211.69.180,4.27.236.77,19.252.163.55,sgw740,747,760
741,ne741,3.108.176.213,230.226.54.45,20.157.27.139,4.147.42.91,sgw741,748,761
742,ne742,77.241.44.161,254.216.160.105,4.58.49.29,22.237.210.0,sgw742,749,762
743,ne743,159.51.194.179,14.211.233.1,176.73.70.172,115.175.50.18,sgw743,750,763
744,ne744,183.89.233.51,252.173.239.227,33.193.185.160,174.229.33.7,sgw744,751,764
745,ne745,91.32.124.225,178.78.76.89,65.56.120.157,41.92.188.48,sgw745,752,765
746,ne746,128.99.237.133,23.194.17.56,236.143.132.14,110.100.164.82,sgw746,753,766
747,ne747,51.123.120.147,47.99.124.234,188.254.75.203,43.251.217.58,sgw747,754,767
748,ne748,153.34.27.238,103.158.85.167,95.251.80.196,73.212.121.8,sgw748,755,768
749,ne749,137.105.195.85,39.22.11.117,215.198.229.85,36.213.188.161,sgw749,756,769
750,ne750,180.240.156.38,173.160.128.146,24.37.95.198,103.47.85.110,sgw750,757,770
751,ne751,137.245.160.188,252.101.135.74,12.247.86.215,136.72.92.223,sgw751,758,771
752,ne752,241.214.95.21,237.139.205.188,82.145.137.11,201.128.152.104,sgw752,759,772
753,ne753,44.128.36.142,95.181.36.142,150.201.110.186,4.18.116.121,sgw753,760,773
754,ne754,44.61.82.207,239.90.175.78,100.113.65.72,245.195.113.132,sgw754,761,774
755,ne755,134.180.217.79,30.251.167.115,52.2.109.123,151.111.56.231,sgw755,762,775
756,ne756,225.203.227.111,62.120.225.74,118.152.21.86,78.45.154.90,sgw756,763,776
757,ne757,195.72.146.213,172.54.37.43,31.109.184.170,133.114.245.245,sgw757,764,777
758,ne758,198.118.201.47,33.122.202.81,228.102.181.234,113.225.187.185,sgw758,765,778
759,ne759,223.188.42.242,25.243.45.211,89.151.87.18,115.152.119.211,sgw759,766,779
760,ne760,117.62.165.150,214.100.99.58,251.5.66.96,246.183.202.209,sgw760,767,780
761,ne761,217.26.5.156,64.23.154.116,137.29.198.63,254.67.249.203,sgw761,768,781
762,ne762,121.132.17.100,18.236.62.12,249.9.170.21,147.2.187.215,sgw762,769,782
763,ne763,120.179.29.143,243.48.251.166,69.169.231.30,111.107.246.252,sgw763,770,783
764,ne764,36.66.73.76,217.61.92.86,100.152.103.41,145.88.102.155,sgw764,771,784
765,ne765,0.216.79.156,9.0.237.187,132.225.247.210,198.155.146.247,sgw765,772,785
766,ne766,80.82.146.210,160.20.47.251,191.138.126.36,213.156.240.141,sgw766,773,786
767,ne767,58.252.119.77,221.126.157.168,220.209.57.7,100.225.239.171,sgw767,774,787
768,ne768,119.34.5.223,33.24.70.82,224.119.60.218,238.32.50.188,sgw768,775,788
769,ne769,101.195.146.81,228.7.124.168,19.0.92.218,197.98.36.170,sgw769,776,789
770,ne770,126.207.141.56,34.57.219.95,99.34.187.118,122.91.199.166,sgw770,777,790
771,ne771,244.51.170.16,38.164.219.45,50.145.246.252,252.190.103.184,sgw771,778,791
772,ne772,215.198.121.80,47.98.91.101,183.212.152.14,97.146.202.28,sgw772,779,792
773,ne773,185.76.201.126,96.226.137.197,141.68.157.24,152.134.228.246,sgw773,780,793
774,ne774,196.195.130.0,158.233.98.128,82.142.112.86,174.1.71.173,sgw774,781,794
775,ne775,177.235.124.91,229.31.6.188,59.150.21.131,217.42.24.158,sgw775,782,795
776,ne776,195.41.62.71,69.52.240.196,205.66.202.174,175.138.74.211,sgw776,783,796
777,ne777,73.179.127.224,140.20.252.221,173.27.207.210,157.28.139.58,sgw777,784,797
778,ne778,1.97.228.50,48.171.202.173,155.21.132.110,129.169.136.54,sgw778,785,798
779,ne779,94.213.39.43,186.2.52.205,138.211.56.82,148.151.34.198,sgw779,786,799
780,ne780,137.213.212.77,220.209.227.49,85.56.30.204,101.6.219.254,sgw780,787,800
781,ne781,153.122.236.93,0.248.57.198,12.126.58.255,46.180.111.110,sgw781,788,801
782,ne782,207.71.218.222,196.147.15.196,168.27.242.152,107.248.134.165,sgw782,789,802
783,ne783,77.156.235.80,152.74.206.46,18.251.147.171,171.157.125.20,sgw783,790,803
784,ne784,45.235.254.74,227.242.25.34,237.19.142.92,138.61.85.0,sgw784,791,804
785,ne785,16.165.37.123,210.107.176.91,135.102.239.184,106.140.18.188,sgw785,792,805
786,ne786,158.157.143.63,44.100.184.197,170.202.239.118,187.170.180.98,sgw786,793,806
787,ne787,240.202.207.110,23.63.239.138,195.31.235.193,134.161.161.16,sgw787,794,807
788,ne788,246.16.87.114,143.241.76.119,224.249.68.112,204.108.213.197,sgw788,795,808
789,ne789,136.192.151.34,52.220.203.91,87.213.139.139,3.187.197.37,sgw789,796,809
790,ne790,139.243.212.90,21.199.4.37,80.128.118.12,5.152.181.19,sgw790,797,810
791,ne791,214.145.87.156,238.6.67.125,60.213.122.197,198.33.35.153,sgw791,798,811
792,ne792,136.149.116.131,136.173.218.198,6.34.116.47,240.136.101.179,sgw792,799,812
793,ne793,243.123.226.252,47.103.85.55,225.205.252.104,53.102.114.128,sgw793,800,813
794,ne794,187.211.115.35,3.95.24.102,45.190.41.207,183.130.76.7,sgw794,801,814
795,ne795,161.207.228.244,115.201.214.144,229.22.17.247,137.175.4.95,sgw795,802,815
796,ne796,214.236.99.36,81.41.65.214,179.222.129.28,2.8.147.141,sgw796,803,816
797,ne797,188.43.114.3,77.4.235.45,136.171.32.52,54.63.218.240,sgw797,804,817
798,ne798,254.174.186.172,45.241.145.80,130.95.112.89,86.80.213.132,sgw798,805,818
799,ne799,201.71.83.32,84.77.246.170,183.178.53.136,101.100.70.79,sgw799,806,819
800,ne800,81.32.157.245,183.248.231.41,189.101.230.204,26.178.135.79,sgw800,807,820
801,ne801,146.176.10.226,222.28.147.6,238.103.210.195,99.122.17.217,sgw801,808,821
802,ne802,29.51.190.105,160.184.34.197,81.0.107.112,133.56.221.73,sgw802,809,822
803,ne803,124.121.44.170,189.233.29.224,17.209.67.80,136.197.162.203,sgw803,810,823
804,ne804,107.56.251.53,162.23.187.123,55.17.213.137,32.196.44.214,sgw804,811,824
805,ne805,168.251.148.4,112.116.192.12,253.216.131.93,97.146.76.64,sgw805,812,825
806,ne806,88.6.103.100,226.148.22.124,125.133.5.82,64.187.157.139,sgw806,813,826
807,ne807,79.113.234.197,81.7.24.158,86.219.175.32,29.131.211.200,sgw807,814,827
808,ne808,16.129.61.62,252.255.247.166,171.92.202.251,232.204.160.96,sgw808,815,828
809,ne809,53.50.160.56,248.87.77.30,232.219.31.72,128.33.207.17,sgw809,816,829
810,ne810,28.51.251.170,166.94.106.217,137.28.148.101,147.98.247.231,sgw810,817,830
811,ne811,213.78.29.126,148.209.205.246,99.196.94.123,194.78.76.69,sgw811,818,831
812,ne812,222.237.242.4,191.202.182.140,215.229.234.151,179.190.175.155,sgw812,819,832
813,ne813,152.65.160.61,140.157.147.62,83.169.114.179,9.128.100.5,sgw813,820,833
814,ne814,90.233.123.89,51.36.179.161,18.25.70.2,233.125.221.57,sgw814,821,834
815,ne815,123.136.248.44,192.237.1.165,192.123.45.151,173.186.140.66,sgw815,822,835
816,ne816,90.159.116.103,17.226.251.177,2.36.182.164,168.69.7.243,sgw816,823,836
817,ne817,158.35.61.59,103.136.197.30,216.189.36.44,173.60.209.17,sgw817,824,837
818,ne818,88.159.60.16,99.122.226.117,181.197.223.84,71.86.171.66,sgw818,825,838
819,ne819,180.239.3.103,190.12.214.174,255.71.68.195,69.103.197.199,sgw819,826,839
820,ne820,82.178.151.193,163.5.176.241,92.101.99.48,36.182.85.170,sgw820,827,840
821,ne821,118.235.92.117,168.231.224.5,204.156.99.36,70.247.91.183,sgw821,828,841
822,ne822,251.113.168.237,21.230.177.38,108.216.86.79,7.132.142.127,sgw822,829,842
823,ne823,102.114.86.61,97.243.242.173,171.85.90.189,27.243.132.56,sgw823,830,843
824,ne824,104.239.36.146,194.71.44.129,151.201.171.80,123.78.72.185,sgw824,831,844
825,ne825,212.17.151.57,41.120.155.65,82.204.227.151,194.105.112.57,sgw825,832,845
826,ne826,46.131.134.36,21.158.95.186,1.46.201.212,198.126.7.144,sgw826,833,846
827,ne827,67.234.184.52,244.199.67.111,14.212.9.225,93.221.44.77,sgw827,834,847
828,ne828,119.123.71.253,168.44.142.52,52.44.160.148,161.72.55.147,sgw828,835,848
829,ne829,7.148.36.234,74.65.83.220,79.219.33.52,25.136.30.83,sgw829,836,849
830,ne830,24.89.199.233,25.99.121.145,252.91.147.90,37.51.13.214,sgw830,837,850
831,ne831,183.41.10.90,147.228.132.104,72.130.142.211,28.88.211.199,sgw831,838,851
832,ne832,18.247.239.243,18.97.96.71,116.138.142.34,172.28.9.106,sgw832,839,852
833,ne833,78.195.240.154,193.158.68.143,174.44.175.200,185.231.224.143,sgw833,840,853
834,ne834,91.233.106.37,165.148.59.1,144.229.15.14,88.65.126.24,sgw834,841,854
835,ne835,37.42.236.127,244.71.39.9,189.71.194.242,66.123.246.127,sgw835,842,855
836,ne836,27.179.71.69,244.146.239.37,83.239.217.33,124.204.249.161,sgw836,843,856
837,ne837,242.131.60.95,115.226.239.71,14.80.131.242,65.79.2.60,sgw837,844,857
838,ne838,167.141.188.16,136.55.233.113,60.200.176.100,97.169.87.140,sgw838,845,858
839,ne839,2.42.5.34,231.215.49.17,181.149.69.16,87.121.176.155,sgw839,846,859
840,ne840,63.6.89.242,56.225.2.239,224.13.166.1,212.225.6.147,sgw840,847,860
841,ne841,107.49.160.148,140.98.53.211,34.94.205.81,56.4.187.68,sgw841,848,861
842,ne842,30.111.8.146,229.48.140.48,209.133.118.197,86.242.188.99,sgw842,849,862
843,ne843,136.183.95.246,233.191.139.68,79.255.38.118,64.245.54.163,sgw843,850,863
844,ne844,1.7.54.182,216.51.9.9,47.236.157.66,187.229.250.95,sgw844,851,864
845,ne845,181.148.191.255,104.6.97.170,0.56.199.72,75.92.108.7,sgw845,852,865
846,ne846,145.142.215.225,86.230.88.219,136.226.197.246,39.202.7.251,sgw846,853,866
847,ne847,63.145.214.218,51.58.30.68,108.181.171.57,192.100.68.216,sgw847,854,867
848,ne848,202.142.164.131,100.32.116.162,106.128.46.141,18.1.225.89,sgw848,855,868
849,ne849,184.35.255.2,134.14.233.229,228.66.127.46,190.147.212.82,sgw849,856,869
850,ne850,153.26.104.135,120.181.131.135,206.15.78.220,215.237.100.54,sgw850,857,870
851,ne851,160.183.249.101,154.16.193.177,13.243.234.237,49.8.175.35,sgw851,858,871
852,ne852,12.23.187.218,94.116.236.168,75.76.212.243,142.242.132.156,sgw852,859,872
853,ne853,69.101.43.190,116.191.196.204,54.193.104.209,62.255.65.33,sgw853,860,873
854,ne854,8.159.123.167,35.239.7.219,146.169.51.200,125.75.244.1,sgw854,861,874
855,ne855,133.172.142.77,189.7.36.168,246.144.34.39,244.234.4.15,sgw855,862,875
856,ne856,69.241.33.63,118.24.48.154,67.208.186.216,248.9.46.223,sgw856,863,876
857,ne857,243.133.24.165,99.78.211.190,199.31.136.144,42.81.130.193,sgw857,864,877
858,ne858,255.106.92.249,209.118.204.235,217.124.197.104,164.234.198.227,sgw858,865,878
859,ne859,9.223.55.144,165.135.173.185,234.18.82.204,102.59.103.160,sgw859,866,879
860,ne860,62.139.11.165,60.92.34.143,134.220.9.51,211.114.175.46,sgw860,867,880
861,ne861,57.225.197.172,187.175.27.151,12.56.225.101,195.207.114.179,sgw861,868,881
862,ne862,34.240.184.58,225.3.64.204,254.18.30.66,189.251.223.220,sgw862,869,882
863,ne863,228.126.253.1,180.144.125.26,148.71.36.184,18.92.169.234,sgw863,870,883
864,ne864,12.148.104.224,107.121.118.85,244.92.42.227,194.119.173.135,sgw864,871,884
865,ne865,207.121.42.49,90.81.94.26,162.12.81.191,66.68.29.200,sgw865,872,885
866,ne866,77.169.40.26,19.124.141.117,136.180.159.211,187.174.192.189,sgw866,873,886
867,ne867,123.82.107.12,73.153.113.110,92.19.186.6,53.162.73.10,sgw867,874,887
868,ne868,116.87.119.202,39.150.166.190,160.107.182.113,190.156.213.24,sgw868,875,888
869,ne869,255.200.68.89,194.181.106.88,192.70.101.2,222.138.213.72,sgw869,876,889
870,ne870,249.16.107.205,19.201.114.90,163.253.104.68,242.112.100.245,sgw870,877,890
871,ne871,100.228.97.52,193.40.60.99,35.223.72.29,187.247.217.127,sgw871,878,891
872,ne872,209.24.210.217,226.159.164.128,167.84.132.211,30.58.225.9,sgw872,879,892
873,ne873,145.61.224.178,117.140.107.32,205.227.191.17,53.205.156.245,sgw873,880,893
874,ne874,252.152.237.90,159.196.208.53,35.70.27.64,246.220.19.12,sgw874,881,894
875,ne875,224.234.232.197,172.136.145.44,0.88.143.19,91.220.43.112,sgw875,882,895
876,ne876,192.221.219.168,244.129.148.129,49.222.39.3,97.34.234.180,sgw876,883,896
877,ne877,77.209.59.61,218.14.185.111,6.67.232.209,88.218.119.175,sgw877,884,897
878,ne878,214.211.170.206,62.73.218.12,212.162.158.79,1.141.95.226,sgw878,885,898
879,ne879,154.30.107.87,210.42.70.134,195.199.221.198,65.19.168.125,sgw879,886,899
880,ne880,60.167.19.92,48.139.120.85,118.41.210.115,22.72.213.73,sgw880,887,900
881,ne881,202.254.132.209,231.242.220.61,102.223.78.26,85.145.222.171,sgw881,888,901
882,ne882,50.106.13.10,101.244.141.241,5.49.9.236,31.236.120.65,sgw882,889,902
883,ne883,249.195.54.211,81.254.112.39,58.201.152.38,116.97.116.76,sgw883,890,903
884,ne884,7.62.119.105,35.198.226.48,187.216.172.144,38.47.16.125,sgw884,891,904
885,ne885,46.14.11.201,28.61.167.130,134.39.184.107,20.64.236.11,sgw885,892,905
886,ne886,151.139.33.130,86.123.122.89,57.216.13.233,178.61.155.152,sgw886,893,906
887,ne887,135.102.203.2,159.216.71.247,0.7.135.203,107.10.127.172,sgw887,894,907
888,ne888,177.121.78.142,145.0.146.76,6.53.230.207,189.48.148.144,sgw888,895,908
889,ne889,243.32.200.126,143.41.102.96,36.248.140.12,217.3.8.34,sgw889,896,909
890,ne890,65.76.246.41,227.12.35.26,180.19.230.208,198.107.108.166,sgw890,897,910
891,ne891,226.120.234.252,64.192.156.113,237.149.73.58,35.161.224.127,sgw891,898,911
892,ne892,121.138.21.9,52.18.128.54,165.138.49.156,189.230.218.15,sgw892,899,912
893,ne893,94.59.202.252,193.196.41.85,45.23.34.69,133.240.61.165,sgw893,900,913
894,ne894,18.73.174.5,55.95.181.248,175.208.10.207,210.172.95.236,sgw894,901,914
895,ne895,55.66.138.61,151.38.129.14,157.178.217.128,126.20.139.254,sgw895,902,915
896,ne896,204.81.61.58,162.210.172.32,81.233.18.38,227.245.166.34,sgw896,903,916
897,ne897,114.46.246.150,129.176.35.6,165.78.53.53,130.182.23.233,sgw897,904,917
898,ne898,176.7.233.167,12.101.96.229,58.81.154.111,57.233.178.9,sgw898,905,918
899,ne899,24.191.110.38,241.140.123.90,68.29.82.52,179.133.186.126,sgw899,906,919
900,ne900,15.26.198.133,238.49.220.140,250.142.83.178,186.79.115.136,sgw900,907,920
901,ne901,109.61.95.131,18.197.10.109,186.45.84.60,233.62.127.186,sgw901,908,921
902,ne902,241.161.30.16,28.62.20.202,101.225.61.153,78.53.165.207,sgw902,909,922
903,ne903,51.1.13.112,66.124.208.73,234.71.67.45,180.20.189.189,sgw903,910,923
904,ne904,134.186.168.95,244.33.105.7,168.68.3.89,246.19.46.207,sgw904,911,924
905,ne905,43.66.95.244,226.161.111.15,145.9.2.10,199.205.107.108,sgw905,912,925
906,ne906,85.170.124.29,54.160.26.197,225.215.235.223,50.130.247.47,sgw906,913,926
907,ne907,82.32.128.102,25.178.108.20,126.236.160.171,142.125.22.36,sgw907,914,927
908,ne908,174.149.234.36,189.33.241.30,9.124.53.143,69.165.32.19,sgw908,915,928
909,ne909,100.212.12.242,158.138.14.161,4.57.207.187,33.177.177.199,sgw909,916,929
910,ne910,80.24.64.138,216.88.184.100,139.121.148.179,153.128.222.177,sgw910,917,930
911,ne911,148.36.35.98,136.74.137.36,122.44.74.177,244.248.232.240,sgw911,918,931
912,ne912,222.118.119.146,153.5.249.3,145.138.188.2,47.152.116.177,sgw912,919,932
913,ne913,48.47.167.180,82.74.247.167,228.55.62.56,177.109.77.2,sgw913,920,933
914,ne914,237.139.153.198,25.64.179.46,77.44.167.44,103.110.190.69,sgw914,921,934
915,ne915,18.54.91.111,146.114.35.53,63.49.4.198,69.70.97.66,sgw915,922,935
916,ne916,16.138.102.1,147.243.136.25,78.216.13.102,93.205.18.22,sgw916,923,936
917,ne917,111.65.135.144,225.243.90.248,98.207.159.225,179.49.14.7,sgw917,924,937
918,ne918,161.31.174.133,4.163.219.189,59.3.174.135,114.161.1.137,sgw918,925,938
919,ne919,104.36.149.210,217.55.71.37,21.82.135.250,117.70.111.120,sgw919,926,939
920,ne920,96.105.73.79,172.31.203.37,10.59.116.175,165.171.34.254,sgw920,927,940
921,ne921,193.180.21.157,104.135.164.184,254.202.244.102,48.144.164.148,sgw921,928,941
922,ne922,133.147.73.220,68.202.32.4,79.197.193.180,13.239.24.183,sgw922,929,942
923,ne923,109.15.148.113,134.245.119.196,87.175.135.126,157.200.155.120,sgw923,930,943
924,ne924,168.205.48.43,55.160.115.93,255.128.114.35,161.79.227.34,sgw924,931,944
925,ne925,29.215.95.21,228.50.59.181,19.125.189.47,3.16.122.133,sgw925,932,945
926,ne926,122.221.134.54,34.156.215.32,104.253.245.191,115.176.247.17,sgw926,933,946
927,ne927,203.202.145.182,54.67.177.135,148.127.77.228,207.196.58.132,sgw927,934,947
928,ne928,121.11.28.28,168.253.196.131,153.212.112.12,103.103.4.220,sgw928,935,948
929,ne929,29.228.148.60,240.168.31.249,229.217.244.43,169.136.138.57,sgw929,936,949
930,ne930,231.125.160.181,19.202.171.225,108.94.49.196,116.20.197.149,sgw930,937,950
931,ne931,29.238.177.81,47.61.241.13,108.221.29.215,15.153.152.208,sgw931,938,951
932,ne932,164.175.73.176,203.217.220.68,118.14.164.120,237.112.234.58,sgw932,939,952
933,ne933,90.6.4.112,30.48.88.8,217.232.251.55,128.34.79.48,sgw933,940,953
934,ne934,201.66.103.105,50.165.132.109,147.108.84.54,75.157.106.55,sgw934,941,954
935,ne935,87.3.130.195,97.240.42.10,71.91.207.34,167.65.231.31,sgw935,942,955
936,ne936,241.35.20.250,57.192.139.131,219.144.255.143,113.199.251.222,sgw936,943,956
937,ne937,167.183.122.238,95.23.62.6,221.118.234.36,123.131.210.171,sgw937,944,957
938,ne938,235.88.205.209,59.130.144.171,79.241.104.180,226.213.223.151,sgw938,945,958
939,ne939,112.76.185.47,222.189.226.111,125.107.9.112,31.106.116.97,sgw939,946,959
940,ne940,159.217.192.159,196.207.7.147,201.70.222.17,222.114.33.145,sgw940,947,960
941,ne941,232.89.220.197,200.55.59.144,31.158.18.253,177.47.241.212,sgw941,948,961
942,ne942,191.118.14.147,134.224.152.15,238.114.80.72,208.215.12.147,sgw942,949,962
943,ne943,85.97.157.54,92.64.176.185,82.188.56.118,13.99.194.234,sgw943,950,963
944,ne944,196.58.174.216,195.230.182.118,57.204.34.86,100.245.69.127,sgw944,951,964
945,ne945,78.132.239.122,157.100.116.80,7.227.93.190,61.237.222.42,sgw945,952,965
946,ne946,22.59.252.66,113.67.123.49,236.55.74.121,174.244.79.61,sgw946,953,966
947,ne947,146.221.199.196,252.62.170.0,172.142.93.52,166.124.230.50,sgw947,954,967
948,ne948,212.228.183.93,201.50.156.195,1.35.100.63,154.172.95.129,sgw948,955,968
949,ne949,131.93.185.113,158.147.141.248,231.72.187.250,107.11.82.23,sgw949,956,969
950,ne950,64.109.26.229,132.189.14.254,18.19.95.122,76.16.237.60,sgw950,957,970
951,ne951,53.175.159.52,205.74.170.56,188.39.72.245,99.116.39.181,sgw951,958,971
952,ne952,191.62.95.89,125.123.4.17,83.192.42.25,111.99.80.97,sgw952,959,972
953,ne953,93.7.39.41,188.83.120.162,224.21.206.78,243.124.112.59,sgw953,960,973
954,ne954,254.19.4.75,185.69.148.46,15.211.239.150,246.160.8.16,sgw954,961,974
955,ne955,121.79.99.212,154.90.68.62,250.109.126.200,97.48.215.81,sgw955,962,975
956,ne956,34.209.5.74,128.235.138.53,0.119.132.63,154.184.30.126,sgw956,963,976
957,ne957,17.205.246.149,146.185.38.103,95.17.3.81,172.204.11.154,sgw957,964,977
958,ne958,200.155.89.248,178.225.64.8,204.35.124.163,230.205.98.192,sgw958,965,978
959,ne959,0.252.84.132,152.167.159.238,203.116.125.122,94.250.252.10,sgw959,966,979
960,ne960,241.182.15.144,60.6.237.214,135.54.212.192,68.56.221.74,sgw960,967,980
961,ne961,119.254.76.159,55.153.57.79,203.222.100.158,45.31.35.246,sgw961,968,981
962,ne962,108.184.17.84,193.195.167.192,209.121.97.2,146.101.14.23,sgw962,969,982
963,ne963,17.151.80.150,169.228.13.42,138.159.195.117,110.221.206.90,sgw963,970,983
964,ne964,142.155.174.106,136.76.172.239,148.62.41.13,197.1.50.183,sgw964,971,984
965,ne965,117.32.127.106,126.71.110.1,91.142.202.97,193.117.46.129,sgw965,972,985
966,ne966,11.241.94.52,73.246.128.164,127.148.239.253,221.251.130.86,sgw966,973,986
967,ne967,251.46.39.56,26.226.87.24,75.102.244.46,150.99.95.109,sgw967,974,987
968,ne968,253.236.92.164,40.21.117.52,200.202.175.87,131.65.49.239,sgw968,975,988
969,ne969,213.161.63.212,214.58.208.150,107.172.199.141,98.60.249.199,sgw969,976,989
970,ne970,232.132.93.240,115.65.49.245,29.230.197.6,96.30.221.128,sgw970,977,990
971,ne971,0.7.155.102,168.238.60.222,26.169.29.147,248.191.22.245,sgw971,978,991
972,ne972,194.64.102.108,144.120.46.116,118.67.18.10,236.173.17.152,sgw972,979,992
973,ne973,47.202.50.34,250.23.59.77,202.115.121.165,8.192.178.132,sgw973,980,993
974,ne974,180.78.151.229,228.193.66.12,48.132.72.180,117.126.26.38,sgw974,981,994
975,ne975,7.198.27.244,124.180.250.158,225.128.35.157,18.215.174.128,sgw975,982,995
976,ne976,141.16.11.71,64.247.11.185,220.168.76.228,155.209.162.23,sgw976,983,996
977,ne977,128.200.159.132,239.148.119.60,140.198.215.229,43.65.3.172,sgw977,984,997
978,ne978,65.241.117.192,220.1.236.15,41.175.1.204,35.163.32.55,sgw978,985,998
979,ne979,41.146.128.249,242.80.67.37,16.38.154.250,55.101.16.228,sgw979,986,999
980,ne980,208.160.28.145,227.182.222.255,41.52.23.133,184.77.50.85,sgw980,987,1000
981,ne981,176.19.237.85,82.249.119.211,168.50.234.210,132.192.199.179,sgw981,988,1001
982,ne982,146.142.56.78,164.219.39.183,248.188.0.74,2.137.135.75,sgw982,989,1002
983,ne983,134.142.28.253,217.86.63.32,251.80.229.90,143.19.79.211,sgw983,990,1003
984,ne984,5.197.241.240,88.41.124.11,11.137.14.168,11.246.183.89,sgw984,991,1004
985,ne985,173.162.14.44,183.194.85.98,22.13.91.188,191.85.143.200,sgw985,992,1005
986,ne986,87.49.119.184,251.204.69.198,17.232.102.180,50.236.148.242,sgw986,993,1006
987,ne987,24.39.141.33,61.206.121.172,78.116.123.250,75.66.37.184,sgw987,994,1007
988,ne988,62.234.61.92,149.245.60.27,169.92.242.249,87.100.7.125,sgw988,995,1008
989,ne989,236.140.188.245,233.173.53.11,11.171.130.135,161.185.133.12,sgw989,996,1009
990,ne990,97.67.246.118,162.46.201.50,174.118.5.99,222.250.245.217,sgw990,997,1010
991,ne991,208.39.112.123,245.52.243.133,9.92.11.223,34.56.132.29,sgw991,998,1011
992,ne992,34.213.3.225,57.228.79.1,129.97.162.106,115.169.62.185,sgw992,999,1012
993,ne993,73.153.191.190,161.148.211.130,37.51.144.217,147.96.87.128,sgw993,1000,1013
994,ne994,238.17.75.138,90.170.168.167,80.41.243.117,149.143.204.181,sgw994,1001,1014
995,ne995,118.58.73.94,98.38.200.148,218.56.212.166,56.205.203.115,sgw995,1002,1015
996,ne996,105.123.23.6,211.129.240.87,132.146.8.103,84.29.152.80,sgw996,1003,1016
997,ne997,84.170.81.221,250.32.146.93,168.114.0.52,83.240.138.171,sgw997,1004,1017
998,ne998,63.137.89.129,85.225.212.65,191.172.29.178,194.236.239.65,sgw998,1005,1018
999,ne999,0.164.223.211,131.48.11.226,236.250.83.163,246.244.51.9,sgw999,1006,1019
1000,ne1000,32.180.156.11,163.238.109.210,40.246.131.187,20.251.202.14,sgw1000,1007,1020
